Year,Pick,Player,Tm,Pos,Age,School,Conf,G,Cmp,Pass_Att,Cmp_Pct,Pass_Yds,Pass_Y/A,AY/A,Pass_TD,Int,PR,Rush_Att,Rush_Yds,Rush_Y/A,Rush_TD,Draft_Year,Rec,Rec_Yds,Y/R,Rec_TD,Plays,Tot_Yds,Y/P,Tot_TD
2015,1,Jameis Winston,TAM,QB,21,Florida State,ACC,13,305,467,65.3,3907,8.4,7.7,25,18,145.5,57,65,1.1,3,2014,0,0,0,0,0,0,0,0
2015,2,Marcus Mariota,TEN,QB,21,Oregon,Pac-12,15,304,445,68.3,4454,10,11.5,42,4,181.7,135,770,5.7,15,2014,0,0,0,0,0,0,0,0
2015,75,Garrett Grayson,NOR,QB,24,Colorado State,MWC,13,270,420,64.3,4006,9.5,10.3,32,7,166.2,57,-46,-0.8,0,2014,0,0,0,0,0,0,0,0
2015,89,Sean Mannion,STL,QB,23,Oregon State,Pac-12,12,282,453,62.3,3164,7,6.9,15,8,128.3,48,-306,-6.4,1,2014,0,0,0,0,0,0,0,0
2015,103,Bryce Petty,NYJ,QB,24,Baylor,Big 12,12,270,428,63.1,3855,9,9.6,29,7,157.8,84,101,1.2,6,2014,0,0,0,0,0,0,0,0
2015,147,Brett Hundley,GNB,QB,22,UCLA,Pac-12,13,271,392,69.1,3155,8,8.6,22,5,152.7,159,644,4.1,10,2014,0,0,0,0,0,0,0,0
2015,250,Trevor Siemian,DEN,QB,23,Northwestern,Big Ten,11,228,392,58.2,2214,5.6,4.7,7,11,105.9,68,-123,-1.8,5,2014,0,0,0,0,0,0,0,0
2016,1,Jared Goff,LAR,QB,21,California,Pac-12,13,341,529,64.5,4719,8.9,9.4,43,13,161.3,56,-8,-0.1,0,2015,0,0,0,0,0,0,0,0
2016,2,Carson Wentz,PHI,QB,23,North Dakota State,MVC,8,130,208,62.5,1651,7.9,,17,4,152.3,63,294,4.7,6,2015,,,,,63,294,4.7,6
2016,26,Paxton Lynch,DEN,QB,22,Memphis,American,13,296,443,66.8,3776,8.5,9.4,28,4,157.5,87,239,2.7,2,2015,0,0,0,0,0,0,0,0
2016,51,Christian Hackenberg,NYJ,QB,21,Penn State,Big Ten,13,192,359,53.5,2525,7,7.2,16,6,123.9,66,-80,-1.2,2,2015,0,0,0,0,0,0,0,0
2016,91,Jacoby Brissett,NWE,QB,23,North Carolina State,ACC,13,237,395,60,2662,6.7,7.1,20,6,130.3,139,370,2.7,6,2015,0,0,0,0,0,0,0,0
2016,93,Cody Kessler,CLE,QB,23,USC,Pac-12,14,298,446,66.8,3536,7.9,8.5,29,7,151.7,61,-149,-2.4,4,2015,0,0,0,0,0,0,0,0
2016,100,Connor Cook,OAK,QB,23,Michigan State,Big Ten,13,229,408,56.1,3131,7.7,8.1,24,7,136.6,52,56,1.1,0,2015,0,0,0,0,0,0,0,0
2016,135,Dak Prescott,DAL,QB,23,Mississippi State,SEC,13,316,477,66.2,3793,8,8.7,29,5,151,160,588,3.7,10,2015,0,0,0,0,0,0,0,0
2016,139,Cardale Jones,BUF,QB,23,Ohio State,Big Ten,10,110,176,62.5,1460,8.3,7.9,8,5,141.5,64,193,3,2,2015,,,,,64,193,3,2
2016,162,Kevin Hogan,KAN,QB,23,Stanford,Pac-12,14,206,304,67.8,2867,9.4,10,27,8,171,85,336,4,6,2015,0,0,0,0,0,0,0,0
2016,187,Nate Sudfeld,WAS,QB,22,Indiana,Big Ten,12,247,412,60,3573,8.7,9.2,27,7,151,46,61,1.3,5,2015,0,0,0,0,0,0,0,0
2016,191,Jake Rudock,DET,QB,23,Michigan,Big Ten,13,249,389,64,3017,7.8,7.7,20,9,141.5,58,166,2.9,4,2015,0,0,0,0,0,0,0,0
2016,201,Brandon Allen,JAX,QB,24,Arkansas,SEC,13,244,370,65.9,3440,9.3,9.9,30,8,166.5,56,107,1.9,1,2015,0,0,0,0,0,0,0,0
2016,207,Jeff Driskel,SFO,QB,23,Louisiana Tech,CUSA,13,281,450,62.4,4033,9,9.4,27,8,154,92,323,3.5,5,2015,0,0,0,0,0,0,0,0
2016,223,Brandon Doughty,MIA,QB,24,Western Kentucky,CUSA,14,388,540,71.9,5055,9.4,10.4,48,9,176.5,27,-122,-4.5,1,2015,0,0,0,0,0,0,0,0
2017,2,Mitchell Trubisky,CHI,QB,23,North Carolina,ACC,13,304,447,68,3748,8.4,9.1,30,6,157.9,93,308,3.3,5,2016,0,0,0,0,0,0,0,0
2017,10,Patrick Mahomes,KAN,QB,21,Texas Tech,Big 12,12,388,591,65.7,5052,8.5,9.2,41,10,157,131,260,2,12,2016,0,0,0,0,0,0,0,0
2017,12,Deshaun Watson,HOU,QB,21,Clemson,ACC,15,388,579,67,4593,7.9,8,41,17,151.1,165,629,3.8,9,2016,0,0,0,0,0,0,0,0
2017,52,DeShone Kizer,CLE,QB,21,Notre Dame,Ind,12,212,361,58.7,2925,8.1,8.4,26,9,145.6,129,472,3.7,8,2016,0,0,0,0,0,0,0,0
2017,87,Davis Webb,NYG,QB,22,California,Pac-12,12,382,620,61.6,4295,6.9,7.3,37,12,135.6,33,-110,-3.3,6,2016,0,0,0,0,0,0,0,0
2017,104,C.J. Beathard,SFO,QB,23,Iowa,Big Ten,13,170,301,56.5,1929,6.4,6,17,10,122.3,83,-13,-0.2,2,2016,0,0,0,0,0,0,0,0
2017,135,Joshua Dobbs,PIT,QB,22,Tennessee,SEC,13,225,357,63,2946,8.3,8.3,27,12,150.6,150,831,5.5,12,2016,0,0,0,0,0,0,0,0
2017,171,Nathan Peterman,BUF,QB,23,Pitt,ACC,13,185,306,60.5,2855,9.3,10.1,27,7,163.4,72,286,4,3,2016,0,0,0,0,0,0,0,0
2017,215,Brad Kaaya,DET,QB,22,Miami (FL),ACC,13,261,421,62,3532,8.4,8.9,27,7,150.3,37,-136,-3.7,1,2016,0,0,0,0,0,0,0,0
2017,253,Chad Kelly,DEN,QB,23,Ole Miss,SEC,9,205,328,62.5,2758,8.4,8.5,19,8,147.4,81,332,4.1,5,2016,0,0,0,0,0,0,0,0
2018,1,Baker Mayfield,CLE,QB,23,Oklahoma,Big 12,14,285,404,70.5,4627,11.5,12.9,43,6,198.9,97,311,3.2,5,2017,0,0,0,0,0,0,0,0
2018,3,Sam Darnold,NYJ,QB,21,USC,Pac-12,14,303,480,63.1,4143,8.6,8.5,26,13,148.1,75,82,1.1,5,2017,0,0,0,0,0,0,0,0
2018,7,Josh Allen,BUF,QB,22,Wyoming,MWC,11,152,270,56.3,1812,6.7,6.9,16,6,127.8,92,204,2.2,5,2017,0,0,0,0,0,0,0,0
2018,10,Josh Rosen,ARI,QB,21,UCLA,Pac-12,11,283,452,62.6,3756,8.3,8.5,26,10,147,50,-97,-1.9,2,2017,0,0,0,0,0,0,0,0
2018,32,Lamar Jackson,BAL,QB,21,Louisville,ACC,13,254,430,59.1,3660,8.5,8.7,27,10,146.6,232,1601,6.9,18,2017,0,0,0,0,0,0,0,0
2018,76,Mason Rudolph,PIT,QB,23,Oklahoma State,Big 12,13,318,489,65,4904,10,10.7,37,9,170.6,61,35,0.6,10,2017,0,0,0,0,0,0,0,0
2018,108,Kyle Lauletta,NYG,QB,23,,,,,,,,,,,,,,,,,,,,,,,,,
2018,171,Mike White,DAL,QB,23,Western Kentucky,CUSA,13,368,560,65.7,4177,7.5,7.7,26,8,140.8,64,-268,-4.2,6,2017,0,0,0,0,0,0,0,0
2018,199,Luke Falk,TEN,QB,23,Washington State,Pac-12,12,357,534,66.9,3593,6.7,6.8,30,13,137,67,-147,-2.2,0,2017,0,0,0,0,0,0,0,0
2018,203,Tanner Lee,JAX,QB,23,Nebraska,Big Ten,12,246,428,57.5,3143,7.3,6.7,23,16,129.4,30,-97,-3.2,2,2017,0,0,0,0,0,0,0,0
2018,219,Danny Etling,NWE,QB,24,LSU,SEC,13,165,275,60,2463,9,9.8,16,2,153,72,128,1.8,2,2017,0,0,0,0,0,0,0,0
2018,220,Alex McGough,SEA,QB,22,Florida International,CUSA,13,232,355,65.4,2798,7.9,7.8,17,8,142.9,78,231,3,5,2017,0,0,0,0,0,0,0,0
2018,249,Logan Woodside,CIN,QB,23,Toledo,MAC,14,264,411,64.2,3882,9.4,9.9,28,8,162.2,51,34,0.7,1,2017,0,0,0,0,0,0,0,0
2019,1,Kyler Murray,ARI,QB,22,Oklahoma,Big 12,14,260,377,69,4361,11.6,13,42,7,199.2,140,1001,7.2,12,2018,0,0,0,0,0,0,0,0
2019,6,Daniel Jones,NYG,QB,22,Duke,ACC,11,237,392,60.5,2674,6.8,6.9,22,9,131.7,104,319,3.1,3,2018,0,0,0,0,0,0,0,0
2019,15,Dwayne Haskins,WAS,QB,22,Ohio State,Big Ten,14,373,533,70,4831,9.1,10.3,50,8,174.1,79,108,1.4,4,2018,0,0,0,0,0,0,0,0
2019,42,Drew Lock,DEN,QB,22,Missouri,SEC,13,275,437,62.9,3498,8,8.5,28,8,147.7,55,175,3.2,6,2018,0,0,0,0,0,0,0,0
2019,100,Will Grier,CAR,QB,24,West Virginia,Big 12,11,266,397,67,3864,9.7,10.7,37,8,175.5,48,-90,-1.9,3,2018,0,0,0,0,0,0,0,0
2019,104,Ryan Finley,CIN,QB,24,North Carolina State,ACC,13,326,484,67.4,3928,8.1,8.1,25,11,148,42,21,0.5,1,2018,0,0,0,0,0,0,0,0
2019,133,Jarrett Stidham,NWE,QB,23,Auburn,SEC,13,224,369,60.7,2794,7.6,7.9,18,5,137.7,72,1,0,3,2018,0,0,0,0,0,0,0,0
2019,166,Easton Stick,LAC,QB,23,North Dakota State,MVC,15,175,281,62.3,2752,9.8,,28,7,172.4,117,677,5.7,17,2018,,,,,117,677,5.7,17
2019,167,Clayton Thorson,PHI,QB,24,Northwestern,Big Ten,14,299,489,61.1,3183,6.5,5.8,17,15,121.2,78,-110,-1.4,9,2018,0,0,0,0,0,0,0,0
2019,178,Gardner Minshew II,JAX,QB,23,Washington State,Pac-12,13,468,662,70.7,4779,7.2,7.8,38,9,147.6,58,119,2.1,4,2018,0,0,0,0,0,0,0,0
2019,197,Trace McSorley,BAL,QB,24,Penn State,Big Ten,13,192,361,53.2,2530,7,7.1,18,7,124.6,170,798,4.7,12,2018,0,0,0,0,0,0,0,0
2020,1,Joe Burrow,CIN,QB,23,LSU,SEC,15,402,527,76.3,5671,10.8,12.5,60,6,202,115,368,3.2,5,2019,0,0,0,0,0,0,0,0
2020,5,Tua Tagovailoa,MIA,QB,22,Alabama,SEC,15,245,355,69,3966,11.2,12.8,43,6,199.4,57,190,3.3,5,2018,0,0,0,0,0,0,0,0
2020,6,Justin Herbert,LAC,QB,22,Oregon,Pac-12,14,286,428,66.8,3471,8.1,9,32,6,156.8,58,50,0.9,4,2019,0,0,0,0,0,0,0,0
2020,26,Jordan Love,GNB,QB,21,Utah State,MWC,13,293,473,61.9,3402,7.2,6.4,20,17,129.1,81,175,2.2,0,2019,0,0,0,0,0,0,0,0
2020,53,Jalen Hurts,PHI,QB,22,Oklahoma,Big 12,14,237,340,69.7,3851,11.3,12.2,32,8,191.2,233,1298,5.6,20,2019,0,0,0,0,0,0,0,0
2020,122,Jacob Eason,IND,QB,22,Washington,Pac-12,13,260,405,64.2,3132,7.7,8,23,8,143.9,46,-69,-1.5,1,2019,0,0,0,0,0,0,0,0
2020,125,James Morgan,NYJ,QB,23,Florida International,CUSA,13,207,357,58,2560,7.2,7.3,14,5,128.4,32,-40,-1.3,2,2019,0,0,0,0,0,0,0,0
2020,167,Jake Fromm,BUF,QB,22,Georgia,SEC,14,234,385,60.8,2860,7.4,8.1,24,5,141.2,38,-12,-0.3,0,2019,0,0,0,0,0,0,0,0
2020,189,Jake Luton,JAX,QB,24,Oregon State,Pac-12,11,222,358,62,2714,7.6,8.8,28,3,149.8,44,-87,-2,1,2019,0,0,0,0,0,0,0,0
2020,224,Cole McDonald,TEN,QB,22,Hawaii,MWC,14,326,511,63.8,4135,8.1,8.2,33,14,147.6,101,383,3.8,7,2019,0,0,0,0,0,0,0,0
2020,231,Ben DiNucci,DAL,QB,23,,,,,,,,,,,,,,,,,,,,,,,,,
2020,240,Tommy Stevens,NOR,QB,23,Mississippi State,SEC,9,0,0,0,0,0,0,0,0,0,83,381,4.6,4,2019,0,0,0,0,83,381,4.6,4
2020,244,Nate Stanley,MIN,QB,23,Iowa,Big Ten,13,237,399,59.4,2951,7.4,7.4,16,7,131.2,76,7,0.1,1,2019,0,0,0,0,0,0,0,0
2021,1,Trevor Lawrence,JAX,QB,21,Clemson,ACC,10,231,334,69.2,3153,9.4,10.2,24,5,169.2,68,203,3,8,2020,0,0,0,0,0,0,0,0
2021,2,Zach Wilson,NYJ,QB,22,Brigham Young,Ind,12,247,336,73.5,3692,11,12.6,33,3,196.4,70,254,3.6,10,2020,0,0,0,0,0,0,0,0
2021,3,Trey Lance,SFO,QB,21,North Dakota State,MVC,16,192,287,66.9,2786,9.7,0,28,0,180.6,129,143,9.5,2,2020,,,,,129,143,9.5,2
2021,11,Justin Fields,CHI,QB,22,Ohio State,Big Ten,8,158,225,70.2,2100,9.3,10.1,22,6,175.6,81,383,4.7,5,2020,0,0,0,0,0,0,0,0
2021,15,Mac Jones,NWE,QB,23,Alabama,SEC,13,311,402,77.4,4500,11.2,12.8,41,4,203.1,35,14,0.4,1,2020,0,0,0,0,0,0,0,0
2021,64,Kyle Trask,TAM,QB,23,Florida,SEC,12,301,437,68.9,4283,9.8,10.9,43,8,180,64,50,0.8,3,2020,0,0,0,0,0,0,0,0
2021,66,Kellen Mond,MIN,QB,22,Texas A&M,SEC,10,188,297,63.3,2282,7.7,8.5,19,3,146.9,74,294,4,4,2020,0,0,0,0,0,0,0,0
2021,67,Davis Mills,HOU,QB,22,Stanford,Pac-12,5,129,195,66.2,1508,7.7,7.8,7,3,139.9,30,37,1.2,3,2020,0,0,0,0,0,0,0,0
2021,133,Ian Book,NOR,QB,23,Notre Dame,ACC,12,228,353,64.6,2830,8,8.5,15,3,144.3,116,485,4.2,9,2020,0,0,0,0,0,0,0,0
2021,218,Sam Ehlinger,IND,QB,22,Texas,Big 12,10,194,322,60.2,2566,8,8.9,26,5,150.7,113,377,3.3,8,2020,0,0,0,0,0,0,0,0
2022,20,Kenny Pickett,PIT,QB,24,Pitt,ACC,13,334,497,67.2,4319,8.7,9.7,42,7,165.3,97,241,2.5,5,2021,0,0,0,0,0,0,0,0
2022,74,Desmond Ridder,ATL,QB,23,Cincinnati,American,14,251,387,64.9,3334,8.6,9.2,30,8,158.7,110,365,3.3,6,2021,0,0,0,0,0,0,0,0
2022,86,Malik Willis,TEN,QB,23,Liberty,Ind,13,207,339,61.1,2862,8.4,8.4,27,12,151.2,197,878,4.5,13,2021,0,0,0,0,0,0,0,0
2022,94,Matt Corral,CAR,QB,23,Ole Miss,SEC,13,262,386,67.9,3349,8.7,9.1,20,5,155.3,152,614,4,11,2021,0,0,0,0,0,0,0,0
2022,137,Bailey Zappe,NWE,QB,23,Western Kentucky,CUSA,14,475,687,69.1,5967,8.7,9.8,62,11,168.7,51,17,0.3,3,2021,0,0,0,0,0,0,0,0
2022,144,Sam Howell,WAS,QB,21,North Carolina,ACC,12,217,347,62.5,3056,8.8,9,24,9,154.2,183,828,4.5,11,2021,0,0,0,0,0,0,0,0
2022,241,Chris Oladokun,PIT,QB,25,,,,,,,,,,,,,,,,,,,,,,,,,
2022,247,Skylar Thompson,MIA,QB,25,Kansas State,Big 12,10,162,233,69.5,2113,9.1,9.3,12,4,159.3,48,4,0.1,4,2021,0,0,0,0,0,0,0,0
2022,262,Brock Purdy,SFO,QB,22,Iowa State,Big 12,13,292,407,71.7,3188,7.8,7.9,19,8,149,85,238,2.8,1,2021,0,0,0,0,0,0,0,0
2023,1,Bryce Young,CAR,QB,22,Alabama,SEC,12,245,380,64.5,3328,8.8,9.9,32,5,163.2,49,185,3.8,4,2022,0,0,0,0,0,0,0,0
2023,2,C.J. Stroud,HOU,QB,21,Ohio State,Big Ten,13,258,389,66.3,3688,9.5,10.9,41,6,177.7,47,108,2.3,0,2022,0,0,0,0,0,0,0,0
2023,4,Anthony Richardson,IND,QB,21,Florida,SEC,12,176,327,53.8,2549,7.8,7.6,17,9,131,103,654,6.3,9,2022,0,0,0,0,0,0,0,0
2023,33,Will Levis,TEN,QB,24,Kentucky,SEC,11,185,283,65.4,2406,8.5,8.3,19,10,151.9,72,-107,-1.5,2,2022,0,0,0,0,0,0,0,0
2023,68,Hendon Hooker,DET,QB,25,Tennessee,SEC,11,229,329,69.6,3135,9.5,10.9,27,2,175.5,104,430,4.1,5,2022,0,0,0,0,0,0,0,0
2023,127,Jake Haener,NOR,QB,24,Fresno State,MWC,13,329,490,67.1,4096,8.4,8.9,33,9,155.9,71,18,0.3,3,2021,0,0,0,0,0,0,0,0
2023,128,Stetson Bennett,LAR,QB,25,Georgia,SEC,15,310,454,68.3,4128,9.1,9.6,27,7,161.2,57,205,3.6,10,2022,0,0,0,0,0,0,0,0
2023,135,Aidan O'Connell,LVR,QB,25,Purdue,Big Ten,12,320,499,64.1,3490,7,6.7,22,13,132.2,43,-81,-1.9,1,2022,0,0,0,0,0,0,0,0
2023,139,Clayton Tune,ARI,QB,24,Houston,American,13,334,496,67.3,4074,8.2,8.9,40,10,158.9,128,544,4.3,5,2022,0,0,0,0,0,0,0,0
2023,140,Dorian Thompson-Robinson,CLE,QB,23,UCLA,Pac-12,13,266,382,69.6,3169,8.3,8.5,27,10,157.4,118,645,5.5,12,2022,0,0,0,0,0,0,0,0
2023,149,Sean Clifford,GNB,QB,25,Penn State,Big Ten,13,226,351,64.4,2822,8,8.5,24,7,150.5,69,176,2.6,5,2022,0,0,0,0,0,0,0,0
2023,164,Jaren Hall,MIN,QB,25,Brigham Young,Ind,12,248,376,66,3171,8.4,9.4,31,6,160.8,86,350,4.1,3,2022,0,0,0,0,0,0,0,0
2023,188,Tanner McKee,PHI,QB,23,Stanford,Pac-12,12,264,426,62,2947,6.9,6.7,13,8,126.4,74,-90,-1.2,2,2022,0,0,0,0,0,0,0,0
2023,239,Max Duggan,LAC,QB,22,TCU,Big 12,15,267,419,63.7,3698,8.8,9.5,32,8,159.2,137,423,3.1,9,2022,0,0,0,0,0,0,0,0
2024,1,Caleb Williams,CHI,QB,22,USC,Pac-12,12,266,388,68.6,3633,9.4,10.3,30,5,170.1,97,142,1.5,11,2023,0,0,0,0,0,0,0,0
2024,2,Jayden Daniels,WAS,QB,23,LSU,SEC,12,236,327,72.2,3812,11.7,13.6,40,4,208,135,1134,8.4,10,2023,0,0,0,0,0,0,0,0
2024,3,Drake Maye,NWE,QB,22,North Carolina,ACC,12,269,425,63.3,3608,8.5,8.7,24,9,149,112,449,4,9,2023,0,0,0,0,0,0,0,0
2024,8,Michael Penix,ATL,QB,24,Washington,Pac-12,15,363,555,65.4,4903,8.8,9.2,36,11,157.1,35,8,0.2,3,2023,0,0,0,0,0,0,0,0
2024,10,J.J. McCarthy,MIN,QB,21,Michigan,Big Ten,15,240,332,72.3,2991,9,9.8,22,4,167.4,64,202,3.2,3,2023,0,0,0,0,0,0,0,0
2024,12,Bo Nix,DEN,QB,24,Oregon,Pac-12,14,364,470,77.4,4508,9.6,11.2,45,3,188.3,54,234,4.3,6,2023,0,0,0,0,0,0,0,0
2024,150,Spencer Rattler,NOR,QB,23,South Carolina,SEC,12,275,399,68.9,3186,8,8,19,8,147.7,97,104,1.1,4,2023,0,0,0,0,0,0,0,0
2024,171,Jordan Travis,NYJ,QB,24,Florida State,ACC,11,207,324,63.9,2756,8.5,9.5,20,2,154.5,73,176,2.4,7,2023,0,0,0,0,0,0,0,0
2024,193,Joe Milton,NWE,QB,24,Tennessee,SEC,12,229,354,64.7,2813,7.9,8.4,20,5,147.3,78,299,3.8,7,2023,0,0,0,0,0,0,0,0
2024,218,Devin Leary,BAL,QB,24,Kentucky,SEC,13,209,371,56.3,2746,7.4,7.3,25,12,134.3,42,-60,-1.4,1,2023,0,0,0,0,0,0,0,0
2024,245,Michael Pratt,GNB,QB,22,Tulane,American,11,185,283,65.4,2406,8.5,9.3,22,5,158.9,98,286,2.9,5,2023,0,0,0,0,0,0,0,0
2015,10,Todd Gurley,STL,RB,21,Georgia,SEC,6,0,0,0,0,0,0,0,0,0,123,911,7.4,9,2014,12,57,4.8,0,135,968,7.2,9
2015,15,Melvin Gordon,SDG,RB,22,Wisconsin,Big Ten,14,0,0,0,0,0,0,0,0,0,343,2587,7.5,29,2014,19,153,8.1,3,362,2740,7.6,32
2015,36,T.J. Yeldon,JAX,RB,21,Alabama,SEC,13,0,0,0,0,0,0,0,0,0,194,979,5,11,2014,15,180,12,1,209,1159,5.5,12
2015,54,Ameer Abdullah,DET,RB,22,Nebraska,Big Ten,13,0,0,0,0,0,0,0,0,0,264,1611,6.1,19,2014,22,269,12.2,3,286,1880,6.6,22
2015,73,Tevin Coleman,ATL,RB,22,Indiana,Big Ten,12,0,0,0,0,0,0,0,0,0,270,2036,7.5,15,2014,25,141,5.6,0,295,2177,7.4,15
2015,77,Duke Johnson,CLE,RB,21,Miami (FL),ACC,13,0,0,0,0,0,0,0,0,0,242,1652,6.8,10,2014,38,421,11.1,3,280,2073,7.4,13
2015,86,David Johnson,ARI,RB,23,UNI,MVC,14,,,,,,,,,,287,1553,5.4,17,2014,38,536,14.1,2,325,2089,6.4,19
2015,95,Matt Jones,WAS,RB,22,Florida,SEC,11,0,0,0,0,0,0,0,0,0,166,817,4.9,6,2014,11,65,5.9,1,177,882,5,7
2015,106,Jeremy Langford,CHI,RB,23,Michigan State,Big Ten,13,0,0,0,0,0,0,0,0,0,276,1522,5.5,22,2014,11,62,5.6,0,287,1584,5.5,22
2015,125,Javorius Allen,BAL,RB,24,USC,Pac-12,13,0,0,0,0,0,0,0,0,0,276,1489,5.4,11,2014,41,458,11.2,1,317,1947,6.1,12
2015,126,Mike Davis,SFO,RB,22,South Carolina,SEC,13,0,0,0,0,0,0,0,0,0,199,982,4.9,9,2014,32,368,11.5,2,231,1350,5.8,11
2015,138,David Cobb,TEN,RB,22,Minnesota,Big Ten,13,0,0,0,0,0,0,0,0,0,314,1626,5.2,13,2014,16,162,10.1,0,330,1788,5.4,13
2015,149,Jay Ajayi,MIA,RB,22,Boise State,MWC,14,0,0,0,0,0,0,0,0,0,347,1823,5.3,28,2014,50,535,10.7,4,397,2358,5.9,32
2015,155,Karlos Williams,BUF,RB,22,Florida State,ACC,12,0,0,0,0,0,0,0,0,0,150,689,4.6,11,2014,29,265,9.1,1,179,954,5.3,12
2015,174,Cameron Artis-Payne,CAR,RB,25,Auburn,SEC,13,0,0,0,0,0,0,0,0,0,303,1608,5.3,13,2014,13,147,11.3,0,316,1755,5.6,13
2015,205,Josh Robinson,IND,RB,23,Mississippi State,SEC,13,0,0,0,0,0,0,0,0,0,190,1203,6.3,11,2014,28,370,13.2,1,218,1573,7.2,12
2015,230,Marcus Murphy,NOR,RB,23,Missouri,SEC,14,0,0,0,0,0,0,0,0,0,177,924,5.2,4,2014,28,212,7.6,1,205,1136,5.5,5
2015,235,Kenny Hilliard,HOU,RB,23,LSU,SEC,11,0,0,0,0,0,0,0,0,0,90,447,5,6,2014,4,35,8.8,0,94,482,5.1,6
2016,4,Ezekiel Elliott,DAL,RB,21,Ohio State,Big Ten,13,0,0,0,0,0,0,0,0,0,289,1821,6.3,23,2015,27,206,7.6,0,316,2027,6.4,23
2016,45,Derrick Henry,TEN,RB,22,Alabama,SEC,15,0,0,0,0,0,0,0,0,0,395,2219,5.6,28,2015,11,91,8.3,0,406,2310,5.7,28
2016,73,Kenyan Drake,MIA,RB,22,Alabama,SEC,13,0,0,0,0,0,0,0,0,0,77,408,5.3,1,2015,29,276,9.5,1,106,684,6.5,2
2016,90,C.J. Prosise,SEA,RB,22,Notre Dame,Ind,11,0,0,0,0,0,0,0,0,0,156,1032,6.6,11,2015,26,308,11.8,1,182,1340,7.4,12
2016,119,Tyler Ervin,HOU,RB,22,San Jose State,MWC,13,0,0,0,0,0,0,0,0,0,294,1601,5.4,13,2015,45,334,7.4,2,339,1935,5.7,15
2016,134,Kenneth Dixon,BAL,RB,22,Louisiana Tech,CUSA,11,0,0,0,0,0,0,0,0,0,197,1070,5.4,19,2015,34,467,13.7,7,231,1537,6.7,26
2016,136,Devontae Booker,DEN,RB,24,Utah,Pac-12,10,0,0,0,0,0,0,0,0,0,268,1261,4.7,11,2015,37,318,8.6,0,305,1579,5.2,11
2016,143,DeAndre Washington,OAK,RB,23,Texas Tech,Big 12,13,0,0,0,0,0,0,0,0,0,233,1492,6.4,14,2015,41,385,9.4,2,274,1877,6.9,16
2016,149,Paul Perkins,NYG,RB,21,UCLA,Pac-12,13,0,0,0,0,0,0,0,0,0,237,1343,5.7,14,2015,30,242,8.1,1,267,1585,5.9,15
2016,150,Jordan Howard,CHI,RB,21,Indiana,Big Ten,9,0,0,0,0,0,0,0,0,0,196,1213,6.2,9,2015,11,106,9.6,1,207,1319,6.4,10
2016,153,Wendell Smallwood,PHI,RB,22,West Virginia,Big 12,13,0,0,0,0,0,0,0,0,0,238,1519,6.4,9,2015,26,160,6.2,0,264,1679,6.4,9
2016,156,Jonathan Williams,BUF,RB,22,Arkansas,SEC,13,0,0,0,0,0,0,0,0,0,211,1190,5.6,12,2014,11,65,5.9,2,222,1255,5.7,14
2016,171,Alex Collins,SEA,RB,22,Arkansas,SEC,13,0,0,0,0,0,0,0,0,0,271,1577,5.8,20,2015,13,95,7.3,0,284,1672,5.9,20
2016,182,Keenan Reynolds,BAL,RB,22,Navy,American,13,0,0,0,0,0,0,0,0,0,265,1373,5.2,24,2015,1,47,47,0,266,1420,5.3,24
2016,211,Kelvin Taylor,SFO,RB,22,Florida,SEC,14,0,0,0,0,0,0,0,0,0,259,1035,4,13,2015,17,150,8.8,0,276,1185,4.3,13
2016,216,Darius Jackson,DAL,RB,22,Eastern Michigan,MAC,12,0,0,0,0,0,0,0,0,0,208,1078,5.2,14,2015,21,201,9.6,2,229,1279,5.6,16
2016,236,Dwayne Washington,DET,RB,22,Washington,Pac-12,13,0,0,0,0,0,0,0,0,0,132,697,5.3,9,2014,15,91,6.1,0,147,788,5.4,9
2016,237,Daniel Lasco,NOR,RB,23,California,Pac-12,12,0,0,0,0,0,0,0,0,0,210,1115,5.3,12,2014,33,356,10.8,2,243,1471,6.1,14
2016,242,Keith Marshall,WAS,RB,22,Georgia,SEC,11,,,,,,,,,,68,350,5.1,3,2015,4,28,7,1,72,378,5.3,4
2016,247,Zac Brooks,SEA,RB,23,Clemson,ACC,14,,,,,,,,,,41,234,5.7,3,2015,9,113,12.6,2,50,347,6.9,5
2017,4,Leonard Fournette,JAX,RB,22,LSU,SEC,7,0,0,0,0,0,0,0,0,0,129,843,6.5,8,2016,15,146,9.7,0,144,989,6.9,8
2017,8,Christian McCaffrey,CAR,RB,21,Stanford,Pac-12,11,0,0,0,0,0,0,0,0,0,253,1603,6.3,13,2016,37,310,8.4,3,290,1913,6.6,16
2017,41,Dalvin Cook,MIN,RB,22,Florida State,ACC,13,0,0,0,0,0,0,0,0,0,288,1765,6.1,19,2016,33,488,14.8,1,321,2253,7,20
2017,48,Joe Mixon,CIN,RB,21,Oklahoma,Big 12,12,0,0,0,0,0,0,0,0,0,187,1274,6.8,10,2016,37,538,14.5,5,224,1812,8.1,15
2017,67,Alvin Kamara,NOR,RB,22,Tennessee,SEC,11,0,0,0,0,0,0,0,0,0,103,596,5.8,9,2016,40,392,9.8,4,143,988,6.9,13
2017,86,Kareem Hunt,KAN,RB,22,Toledo,MAC,13,0,0,0,0,0,0,0,0,0,262,1475,5.6,10,2016,41,403,9.8,1,303,1878,6.2,11
2017,89,D'Onta Foreman,HOU,RB,21,Texas,Big 12,11,0,0,0,0,0,0,0,0,0,323,2028,6.3,15,2016,7,75,10.7,0,330,2103,6.4,15
2017,105,James Conner,PIT,RB,22,Pitt,ACC,13,0,0,0,0,0,0,0,0,0,216,1092,5.1,16,2016,21,302,14.4,4,237,1394,5.9,20
2017,114,Samaje Perine,WAS,RB,21,Oklahoma,Big 12,10,0,0,0,0,0,0,0,0,0,196,1060,5.4,12,2016,10,106,10.6,1,206,1166,5.7,13
2017,119,Tarik Cohen,CHI,RB,22,North Carolina A&T,MEAC,12,,,,,,,,,,212,1588,7.5,18,2016,37,339,9.2,1,247,1927,7.8,19
2017,121,Joe Williams,SFO,RB,24,Utah,Pac-12,9,0,0,0,0,0,0,0,0,0,210,1407,6.7,10,2016,9,107,11.9,0,219,1514,6.9,10
2017,132,Donnel Pumphrey,PHI,RB,22,San Diego State,MWC,14,0,0,0,0,0,0,0,0,0,349,2133,6.1,17,2016,27,231,8.6,0,376,2364,6.3,17
2017,134,Jamaal Williams,GNB,RB,22,Brigham Young,Ind,10,0,0,0,0,0,0,0,0,0,234,1375,5.9,12,2016,7,80,11.4,0,241,1455,6,12
2017,140,Wayne Gallman,NYG,RB,22,Clemson,ACC,15,0,0,0,0,0,0,0,0,0,232,1133,4.9,17,2016,20,152,7.6,0,252,1285,5.1,17
2017,143,Marlon Mack,IND,RB,21,South Florida,American,12,0,0,0,0,0,0,0,0,0,174,1187,6.8,15,2016,28,227,8.1,0,202,1414,7,15
2017,156,Brian Hill,ATL,RB,21,Wyoming,MWC,14,0,0,0,0,0,0,0,0,0,349,1860,5.3,22,2016,8,67,8.4,0,357,1927,5.4,22
2017,162,Jeremy McNichols,TAM,RB,21,Boise State,MWC,13,0,0,0,0,0,0,0,0,0,314,1709,5.4,23,2016,37,474,12.8,4,351,2183,6.2,27
2017,179,T.J. Logan,ARI,RB,23,North Carolina,ACC,13,0,0,0,0,0,0,0,0,0,120,650,5.4,7,2016,29,244,8.4,3,149,894,6,10
2017,182,Aaron Jones,GNB,RB,22,UTEP,CUSA,12,0,0,0,0,0,0,0,0,0,229,1773,7.7,17,2016,28,233,8.3,3,257,2006,7.8,20
2017,188,Elijah McGuire,NYJ,RB,23,Louisiana,Sun Belt,13,0,0,0,0,0,0,0,0,0,232,1127,4.9,7,2016,29,238,8.2,2,261,1365,5.2,9
2017,203,De'Angelo Henderson,DEN,RB,24,,,,,,,,,,,,,,,,,,,,,,,,,
2017,207,Brandon Wilson,CIN,RB,23,,,,,,,,,,,,,,,,,,,,,,,,,
2017,238,Devante Mays,GNB,RB,23,Utah State,MWC,13,0,0,0,0,0,0,0,0,0,165,966,5.9,9,2015,1,9,9,0,166,975,5.9,9
2017,241,Khalfani Muhammad,TEN,RB,22,California,Pac-12,11,0,0,0,0,0,0,0,0,0,152,827,5.4,2,2016,17,132,7.8,0,169,959,5.7,2
2017,242,Elijah Hood,OAK,RB,21,North Carolina,ACC,11,0,0,0,0,0,0,0,0,0,145,858,5.9,8,2016,25,142,5.7,0,170,1000,5.9,8
2017,249,Chris Carson,SEA,RB,22,Oklahoma State,Big 12,9,0,0,0,0,0,0,0,0,0,82,559,6.8,9,2016,13,128,9.8,1,95,687,7.2,10
2017,252,Matthew Dayes,CLE,RB,23,North Carolina State,ACC,13,0,0,0,0,0,0,0,0,0,249,1166,4.7,10,2016,32,267,8.3,0,281,1433,5.1,10
2018,2,Saquon Barkley,NYG,RB,21,Penn State,Big Ten,13,0,0,0,0,0,0,0,0,0,217,1271,5.9,18,2017,54,632,11.7,3,271,1903,7,21
2018,27,Rashaad Penny,SEA,RB,22,San Diego State,MWC,13,0,0,0,0,0,0,0,0,0,289,2248,7.8,23,2017,19,135,7.1,2,308,2383,7.7,25
2018,31,Sony Michel,NWE,RB,23,Georgia,SEC,14,0,0,0,0,0,0,0,0,0,156,1227,7.9,16,2017,9,96,10.7,1,165,1323,8,17
2018,35,Nick Chubb,CLE,RB,22,Georgia,SEC,15,0,0,0,0,0,0,0,0,0,223,1345,6,15,2017,4,30,7.5,0,227,1375,6.1,15
2018,38,Ronald Jones II,TAM,RB,21,USC,Pac-12,13,0,0,0,0,0,0,0,0,0,261,1550,5.9,19,2017,14,187,13.4,1,275,1737,6.3,20
2018,43,Kerryon Johnson,DET,RB,21,Auburn,SEC,12,0,0,0,0,0,0,0,0,0,285,1391,4.9,18,2017,24,194,8.1,2,309,1585,5.1,20
2018,59,Derrius Guice,WAS,RB,21,LSU,SEC,12,0,0,0,0,0,0,0,0,0,237,1251,5.3,11,2017,18,124,6.9,2,255,1375,5.4,13
2018,71,Royce Freeman,DEN,RB,22,Oregon,Pac-12,12,0,0,0,0,0,0,0,0,0,244,1475,6,16,2017,14,164,11.7,0,258,1639,6.4,16
2018,104,Nyheim Hines,IND,RB,21,North Carolina State,ACC,13,0,0,0,0,0,0,0,0,0,197,1112,5.6,12,2017,26,152,5.8,0,223,1264,5.7,12
2018,112,Mark Walton,CIN,RB,21,Miami (FL),ACC,13,0,0,0,0,0,0,0,0,0,209,1117,5.3,14,2016,27,240,8.9,1,236,1357,5.8,15
2018,126,Ito Smith,ATL,RB,22,Southern Mississippi,CUSA,13,0,0,0,0,0,0,0,0,0,248,1413,5.7,13,2017,40,396,9.9,2,288,1809,6.3,15
2018,131,Kalen Ballage,MIA,RB,22,Arizona State,Pac-12,13,0,0,0,0,0,0,0,0,0,157,669,4.3,6,2017,20,91,4.6,0,177,760,4.3,6
2018,134,Chase Edmonds,ARI,RB,22,Fordham,Patriot,7,,,,,,,,,,136,577,4.2,5,2017,11,129,11.7,0,147,706,4.8,5
2018,169,Jordan Wilkins,IND,RB,24,Ole Miss,SEC,12,0,0,0,0,0,0,0,0,0,155,1011,6.5,9,2017,26,241,9.3,1,181,1252,6.9,10
2018,176,John Kelly,LAR,RB,21,Tennessee,SEC,11,0,0,0,0,0,0,0,0,0,189,778,4.1,9,2017,37,299,8.1,0,226,1077,4.8,9
2018,201,Boston Scott,NOR,RB,23,Louisiana Tech,CUSA,13,0,0,0,0,0,0,0,0,0,182,1040,5.7,8,2017,20,181,9.1,1,202,1221,6,9
2018,204,Trenton Cannon,NYJ,RB,24,,,,,,,,,,,,,,,,,,,,,,,,,
2018,226,David Williams,DEN,RB,24,Arkansas,SEC,12,0,0,0,0,0,0,0,0,0,117,656,5.6,8,2017,10,171,17.1,2,127,827,6.5,10
2018,236,Bo Scarbrough,DAL,RB,23,Alabama,SEC,14,0,0,0,0,0,0,0,0,0,124,596,4.8,8,2017,17,109,6.4,0,141,705,5,8
2018,237,Nick Bawden,DET,RB,22,,,,,,,,,,,,,,,,,,,,,,,,,
2018,251,Justin Jackson,LAC,RB,22,Northwestern,Big Ten,13,0,0,0,0,0,0,0,0,0,287,1311,4.6,11,2017,44,276,6.3,0,331,1587,4.8,11
2019,24,Josh Jacobs,OAK,RB,21,Alabama,SEC,15,0,0,0,0,0,0,0,0,0,120,640,5.3,11,2018,20,247,12.4,3,140,887,6.3,14
2019,53,Miles Sanders,PHI,RB,22,Penn State,Big Ten,13,0,0,0,0,0,0,0,0,0,220,1274,5.8,9,2018,24,139,5.8,0,244,1413,5.8,9
2019,70,Darrell Henderson,LAR,RB,22,Memphis,American,13,0,0,0,0,0,0,0,0,0,214,1909,8.9,22,2018,19,295,15.5,3,233,2204,9.5,25
2019,73,David Montgomery,CHI,RB,22,Iowa State,Big 12,12,0,0,0,0,0,0,0,0,0,257,1216,4.7,13,2018,22,157,7.1,0,279,1373,4.9,13
2019,74,Devin Singletary,BUF,RB,22,Florida Atlantic,CUSA,12,0,0,0,0,0,0,0,0,0,261,1348,5.2,22,2018,6,36,6,0,267,1384,5.2,22
2019,87,Damien Harris,NWE,RB,22,Alabama,SEC,15,0,0,0,0,0,0,0,0,0,150,876,5.8,9,2018,22,204,9.3,0,172,1080,6.3,9
2019,102,Alexander Mattison,MIN,RB,21,Boise State,MWC,13,0,0,0,0,0,0,0,0,0,302,1415,4.7,17,2018,27,173,6.4,0,329,1588,4.8,17
2019,112,Bryce Love,WAS,RB,22,Stanford,Pac-12,10,0,0,0,0,0,0,0,0,0,166,739,4.5,6,2018,20,99,5,0,186,838,4.5,6
2019,113,Justice Hill,BAL,RB,21,Oklahoma State,Big 12,10,0,0,0,0,0,0,0,0,0,158,930,5.9,9,2018,13,68,5.2,0,171,998,5.8,9
2019,122,Benny Snell Jr.,PIT,RB,21,Kentucky,SEC,13,0,0,0,0,0,0,0,0,0,289,1449,5,16,2018,17,105,6.2,0,306,1554,5.1,16
2019,128,Tony Pollard,DAL,RB,22,Memphis,American,14,0,0,0,0,0,0,0,0,0,78,552,7.1,6,2018,39,458,11.7,3,117,1010,8.6,9
2019,140,Ryquell Armstead,JAX,RB,22,Temple,American,10,0,0,0,0,0,0,0,0,0,210,1098,5.2,13,2018,8,52,6.5,0,218,1150,5.3,13
2019,152,Qadree Ollison,ATL,RB,22,Pitt,ACC,14,0,0,0,0,0,0,0,0,0,194,1213,6.3,11,2018,11,66,6,0,205,1279,6.2,11
2019,154,Jordan Scarlett,CAR,RB,23,Florida,SEC,13,0,0,0,0,0,0,0,0,0,131,776,5.9,5,2018,10,84,8.4,0,141,860,6.1,5
2019,182,Trayveon Williams,CIN,RB,21,Texas A&M,SEC,13,0,0,0,0,0,0,0,0,0,271,1760,6.5,18,2018,27,278,10.3,1,298,2038,6.8,19
2019,186,Ty Johnson,DET,RB,21,Maryland,Big Ten,12,0,0,0,0,0,0,0,0,0,137,875,6.4,5,2017,5,60,12,1,142,935,6.6,6
2019,194,Dexter Williams,GNB,RB,22,Notre Dame,Ind,9,0,0,0,0,0,0,0,0,0,158,995,6.3,12,2018,16,133,8.3,1,174,1128,6.5,13
2019,204,Travis Homer,SEA,RB,21,Miami (FL),ACC,13,0,0,0,0,0,0,0,0,0,164,985,6,4,2018,19,186,9.8,0,183,1171,6.4,4
2019,211,Rodney Anderson,CIN,RB,22,Oklahoma,Big 12,14,0,0,0,0,0,0,0,0,0,188,1161,6.2,13,2017,17,281,16.5,5,205,1442,7,18
2019,214,Darwin Thompson,KAN,RB,22,Utah State,MWC,13,0,0,0,0,0,0,0,0,0,153,1044,6.8,14,2018,23,351,15.3,2,176,1395,7.9,16
2019,218,Mike Weber,DAL,RB,22,Ohio State,Big Ten,13,0,0,0,0,0,0,0,0,0,172,954,5.5,5,2018,21,112,5.3,1,193,1066,5.5,6
2019,220,Cullen Gillaspia,HOU,RB,24,,,,,,,,,,,,,,,,,,,,,,,,,
2019,222,Kerrith Whyte Jr,CHI,RB,22,Florida Atlantic,CUSA,12,0,0,0,0,0,0,0,0,0,134,866,6.5,8,2018,10,160,16,2,144,1026,7.1,10
2019,233,Chandler Cox,MIA,RB,23,,,,,,,,,,,,,,,,,,,,,,,,,
2019,234,Myles Gaskin,MIA,RB,22,Washington,Pac-12,12,0,0,0,0,0,0,0,0,0,259,1268,4.9,12,2018,21,77,3.7,1,280,1345,4.8,13
2020,32,Clyde Edwards-Helaire,KAN,RB,21,LSU,SEC,15,0,0,0,0,0,0,0,0,0,215,1414,6.6,16,2019,55,453,8.2,1,270,1867,6.9,17
2020,35,D'Andre Swift,DET,RB,21,Georgia,SEC,14,0,0,0,0,0,0,0,0,0,196,1218,6.2,7,2019,24,216,9,1,220,1434,6.5,8
2020,41,Jonathan Taylor,IND,RB,21,Wisconsin,Big Ten,14,0,0,0,0,0,0,0,0,0,320,2003,6.3,21,2019,26,252,9.7,5,346,2255,6.5,26
2020,52,Cam Akers,LAR,RB,21,Florida State,ACC,11,0,0,0,0,0,0,0,0,0,231,1144,5,14,2019,30,225,7.5,4,261,1369,5.2,18
2020,55,J.K. Dobbins,BAL,RB,21,Ohio State,Big Ten,14,0,0,0,0,0,0,0,0,0,301,2003,6.7,21,2019,23,247,10.7,2,324,2250,6.9,23
2020,62,AJ Dillon,GNB,RB,22,Boston College,ACC,13,0,0,0,0,0,0,0,0,0,318,1685,5.3,14,2019,13,195,15,1,331,1880,5.7,15
2020,66,Antonio Gibson,WAS,RB,22,Memphis,American,14,0,0,0,0,0,0,0,0,0,33,369,11.2,4,2019,38,735,19.3,8,71,1104,15.5,12
2020,76,Ke'Shawn Vaughn,TAM,RB,23,Vanderbilt,SEC,12,0,0,0,0,0,0,0,0,0,198,1028,5.2,9,2019,29,286,9.9,1,227,1314,5.8,10
2020,86,Zack Moss,BUF,RB,22,Utah,Pac-12,13,0,0,0,0,0,0,0,0,0,235,1416,6,15,2019,28,388,13.9,2,263,1804,6.9,17
2020,93,Darrynton Evans,TEN,RB,22,Appalachian State,Sun Belt,14,0,0,0,0,0,0,0,0,0,255,1480,5.8,18,2019,21,198,9.4,5,276,1678,6.1,23
2020,112,Joshua Kelley,LAC,RB,22,UCLA,Pac-12,11,0,0,0,0,0,0,0,0,0,229,1060,4.6,12,2019,11,71,6.5,1,240,1131,4.7,13
2020,120,La'Mical Perine,NYJ,RB,22,Florida,SEC,13,,,,,,,,,,132,676,5.1,6,2019,40,262,6.6,5,172,938,5.5,11
2020,124,Anthony McFarland Jr.,PIT,RB,21,Maryland,Big Ten,11,0,0,0,0,0,0,0,0,0,114,614,5.4,8,2019,17,126,7.4,1,131,740,5.6,9
2020,144,DeeJay Dallas,SEA,RB,21,Miami (FL),ACC,10,,,,,,,,,,115,693,6,8,2019,14,140,10,2,129,833,6.5,10
2020,172,Jason Huntley,DET,RB,22,New Mexico State,Ind,12,0,0,0,0,0,0,0,0,0,154,1090,7.1,9,2019,40,192,4.8,2,194,1282,6.6,11
2020,222,Eno Benjamin,ARI,RB,21,Arizona State,Pac-12,12,0,0,0,0,0,0,0,0,0,253,1083,4.3,10,2019,42,347,8.3,2,295,1430,4.8,12
2020,245,Raymond Calais,TAM,RB,22,Louisiana,Sun Belt,14,0,0,0,0,0,0,0,0,0,117,886,7.6,6,2019,10,67,6.7,1,127,953,7.5,7
2020,246,Malcolm Perry,MIA,RB,23,Navy,American,13,0,0,0,0,0,0,0,0,0,295,2017,6.8,21,2019,0,0,0,0,295,2017,6.8,21
2021,24,Najee Harris,PIT,RB,23,Alabama,SEC,13,0,0,0,0,0,0,0,0,0,251,1466,5.8,26,2020,43,425,9.9,4,294,1891,6.4,30
2021,25,Travis Etienne,JAX,RB,22,Clemson,ACC,12,0,0,0,0,0,0,0,0,0,168,914,5.4,14,2020,48,588,12.3,2,216,1502,7,16
2021,35,Javonte Williams,DEN,RB,21,North Carolina,ACC,11,0,0,0,0,0,0,0,0,0,157,1140,7.3,19,2020,25,305,12.2,3,182,1445,7.9,22
2021,88,Trey Sermon,SFO,RB,22,Ohio State,Big Ten,8,0,0,0,0,0,0,0,0,0,116,870,7.5,4,2020,12,95,7.9,0,128,965,7.5,4
2021,107,Michael Carter,NYJ,RB,22,North Carolina,ACC,11,0,0,0,0,0,0,0,0,0,156,1245,8,9,2020,25,267,10.7,2,181,1512,8.4,11
2021,119,Kene Nwangwu,MIN,RB,23,Iowa State,Big 12,12,,,,,,,,,,61,339,5.6,4,2020,3,22,7.3,0,64,361,5.6,4
2021,120,Rhamondre Stevenson,NWE,RB,23,Oklahoma,Big 12,6,0,0,0,0,0,0,0,0,0,101,665,6.6,7,2020,18,211,11.7,0,119,876,7.4,7
2021,126,Chuba Hubbard,CAR,RB,22,Oklahoma State,Big 12,7,0,0,0,0,0,0,0,0,0,133,625,4.7,5,2020,8,52,6.5,1,141,677,4.8,6
2021,150,Kenneth Gainwell,PHI,RB,22,Memphis,American,14,0,0,0,0,0,0,0,0,0,231,1459,6.3,13,2019,51,610,12,3,282,2069,7.3,16
2021,194,Elijah Mitchell,SFO,RB,23,Louisiana,Sun Belt,10,0,0,0,0,0,0,0,0,0,141,878,6.2,8,2020,16,153,9.6,0,157,1031,6.6,8
2021,196,Gary Brightwell,NYG,RB,22,Arizona,Pac-12,5,0,0,0,0,0,0,0,0,0,88,390,4.4,1,2020,13,53,4.1,0,101,443,4.4,1
2021,198,Larry Rountree,LAC,RB,22,Missouri,SEC,10,0,0,0,0,0,0,0,0,0,209,972,4.7,14,2020,15,100,6.7,0,224,1072,4.8,14
2021,202,Chris Evans,CIN,RB,23,Michigan,Big Ten,13,0,0,0,0,0,0,0,0,0,135,685,5.1,6,2017,16,157,9.8,1,151,842,5.6,7
2021,211,Demetric Felton,CLE,RB,23,UCLA,Pac-12,6,0,0,0,0,0,0,0,0,0,132,668,5.1,5,2020,22,159,7.2,3,154,827,5.4,8
2021,217,Khalil Herbert,CHI,RB,23,Virginia Tech,ACC,11,0,0,0,0,0,0,0,0,0,154,1182,7.7,8,2020,10,179,17.9,1,164,1361,8.3,9
2021,233,Jake Funk,LAR,RB,23,Maryland,Big Ten,5,0,0,0,0,0,0,0,0,0,60,516,8.6,3,2020,10,68,6.8,1,70,584,8.3,4
2021,244,Gerrid Doaks,MIA,RB,23,Cincinnati,American,9,0,0,0,0,0,0,0,0,0,144,673,4.7,7,2020,14,202,14.4,2,158,875,5.5,9
2021,256,Kylin Hill,GNB,RB,23,Mississippi State,SEC,13,0,0,0,0,0,0,0,0,0,242,1350,5.6,10,2019,18,180,10,1,260,1530,5.9,11
2021,257,Jermar Jefferson,DET,RB,21,Oregon State,Pac-12,6,0,0,0,0,0,0,0,0,0,133,858,6.5,7,2020,9,67,7.4,0,142,925,6.5,7
2022,36,Breece Hall,NYJ,RB,21,Iowa State,Big 12,12,0,0,0,0,0,0,0,0,0,253,1464,5.8,20,2021,36,302,8.4,3,289,1766,6.1,23
2022,41,Kenneth Walker III,SEA,RB,21,Michigan State,Big Ten,12,0,0,0,0,0,0,0,0,0,263,1636,6.2,18,2021,13,89,6.8,1,276,1725,6.3,19
2022,63,James Cook,BUF,RB,22,Georgia,SEC,15,0,0,0,0,0,0,0,0,0,113,728,6.4,7,2021,27,284,10.5,4,140,1012,7.2,11
2022,91,Rachaad White,TAM,RB,23,Arizona State,Pac-12,11,0,0,0,0,0,0,0,0,0,182,1006,5.5,15,2021,43,456,10.6,1,225,1462,6.5,16
2022,93,Tyrion Davis-Price,SFO,RB,21,LSU,SEC,12,0,0,0,0,0,0,0,0,0,211,1003,4.8,6,2021,10,64,6.4,0,221,1067,4.8,6
2022,98,Brian Robinson Jr.,WAS,RB,23,Alabama,SEC,14,0,0,0,0,0,0,0,0,0,271,1343,5,14,2021,35,296,8.5,2,306,1639,5.4,16
2022,107,Dameon Pierce,HOU,RB,22,Florida,SEC,13,0,0,0,0,0,0,0,0,0,100,574,5.7,13,2021,19,216,11.4,3,119,790,6.6,16
2022,122,Zamir White,LVR,RB,22,Georgia,SEC,15,0,0,0,0,0,0,0,0,0,160,856,5.4,11,2021,9,75,8.3,0,169,931,5.5,11
2022,123,Isaiah Spiller,LAC,RB,21,Texas A&M,SEC,12,0,0,0,0,0,0,0,0,0,179,1011,5.6,6,2021,25,189,7.6,1,204,1200,5.9,7
2022,127,Pierre Strong,NWE,RB,23,,,,,,,,,,,,,,,,,,,,,,,,,
2022,131,Hassan Haskins,TEN,RB,22,Michigan,Big Ten,14,0,0,0,0,0,0,0,0,0,270,1327,4.9,20,2021,18,131,7.3,0,288,1458,5.1,20
2022,151,Tyler Allgeier,ATL,RB,22,Brigham Young,Ind,13,0,0,0,0,0,0,0,0,0,276,1606,5.8,23,2021,28,199,7.1,0,304,1805,5.9,23
2022,154,Snoop Conner,JAX,RB,22,Ole Miss,SEC,13,0,0,0,0,0,0,0,0,0,130,647,5,13,2021,14,82,5.9,0,144,729,5.1,13
2022,156,Jerome Ford,CLE,RB,22,Cincinnati,American,13,0,0,0,0,0,0,0,0,0,214,1319,6.2,19,2021,21,220,10.5,1,235,1539,6.5,20
2022,164,Kyren Williams,LAR,RB,22,Notre Dame,Ind,12,0,0,0,0,0,0,0,0,0,204,1002,4.9,14,2021,42,359,8.5,3,246,1361,5.5,17
2022,169,Ty Chandler,MIN,RB,24,North Carolina,ACC,13,0,0,0,0,0,0,0,0,0,182,1092,6,13,2021,15,216,14.4,1,197,1308,6.6,14
2022,183,Kevin Harris,NWE,RB,21,South Carolina,SEC,12,0,0,0,0,0,0,0,0,0,152,659,4.3,4,2021,11,89,8.1,0,163,748,4.6,4
2022,196,Tyler Badie,BAL,RB,22,Missouri,SEC,12,0,0,0,0,0,0,0,0,0,268,1604,6,14,2021,54,330,6.1,4,322,1934,6,18
2022,201,Keaontay Ingram,ARI,RB,22,USC,Pac-12,10,0,0,0,0,0,0,0,0,0,156,911,5.8,5,2021,22,156,7.1,0,178,1067,6,5
2022,203,Trestan Ebner,CHI,RB,23,Baylor,Big 12,14,0,0,0,0,0,0,0,0,0,148,799,5.4,2,2021,28,284,10.1,2,176,1083,6.2,4
2022,250,Brittain Brown,LVR,RB,24,UCLA,Pac-12,10,0,0,0,0,0,0,0,0,0,102,615,6,7,2021,18,129,7.2,0,120,744,6.2,7
2022,251,Isiah Pacheco,KAN,RB,23,Rutgers,Big Ten,12,0,0,0,0,0,0,0,0,0,167,647,3.9,5,2021,13,25,1.9,0,180,672,3.7,5
2022,260,Zander Horvath,LAC,RB,23,Purdue,Big Ten,8,,,,,,,,,,91,320,3.5,3,2021,17,108,6.4,0,108,428,4,3
2023,8,Bijan Robinson,ATL,RB,21,Texas,Big 12,12,0,0,0,0,0,0,0,0,0,258,1580,6.1,18,2022,19,314,16.5,2,277,1894,6.8,20
2023,12,Jahmyr Gibbs,DET,RB,21,Alabama,SEC,12,0,0,0,0,0,0,0,0,0,151,926,6.1,7,2022,44,444,10.1,3,195,1370,7,10
2023,52,Zach Charbonnet,SEA,RB,22,UCLA,Pac-12,10,0,0,0,0,0,0,0,0,0,195,1359,7,14,2022,37,321,8.7,0,232,1680,7.2,14
2023,71,Kendre Miller,NOR,RB,21,TCU,Big 12,14,0,0,0,0,0,0,0,0,0,224,1399,6.2,17,2022,16,116,7.3,0,240,1515,6.3,17
2023,81,Tyjae Spears,TEN,RB,22,Tulane,American,14,0,0,0,0,0,0,0,0,0,229,1581,6.9,19,2022,22,256,11.6,2,251,1837,7.3,21
2023,84,De'Von Achane,MIA,RB,21,Texas A&M,SEC,10,,,,,,,,,,196,1102,5.6,8,2022,36,196,5.4,3,232,1298,5.6,11
2023,88,Tank Bigsby,JAX,RB,22,Auburn,SEC,12,0,0,0,0,0,0,0,0,0,179,970,5.4,10,2022,30,180,6,0,209,1150,5.5,10
2023,115,Roschon Johnson,CHI,RB,22,Texas,Big 12,12,0,0,0,0,0,0,0,0,0,93,554,6,5,2022,14,128,9.1,1,107,682,6.4,6
2023,143,Israel Abanikanda,NYJ,RB,20,Pitt,ACC,11,0,0,0,0,0,0,0,0,0,239,1431,6,20,2022,12,146,12.2,1,251,1577,6.3,21
2023,163,Chase Brown,CIN,RB,23,Illinois,Big Ten,12,0,0,0,0,0,0,0,0,0,328,1643,5,10,2022,27,240,8.9,3,355,1883,5.3,13
2023,172,Eric Gray,NYG,RB,23,Oklahoma,Big 12,12,0,0,0,0,0,0,0,0,0,213,1366,6.4,11,2022,33,229,6.9,0,246,1595,6.5,11
2023,176,Evan Hull,IND,RB,22,Northwestern,Big Ten,12,0,0,0,0,0,0,0,0,0,221,913,4.1,5,2022,55,546,9.9,2,276,1459,5.3,7
2023,193,Chris Rodriguez,WAS,RB,22,Kentucky,SEC,8,,,,,,,,,,175,904,5.2,6,2022,5,41,8.2,0,180,945,5.3,6
2023,212,Deuce Vaughn,DAL,RB,21,Kansas State,Big 12,14,0,0,0,0,0,0,0,0,0,293,1558,5.3,9,2022,42,378,9,3,335,1936,5.8,12
2023,215,Zach Evans,LAR,RB,22,Ole Miss,SEC,12,0,0,0,0,0,0,0,0,0,144,936,6.5,9,2022,12,119,9.9,1,156,1055,6.8,10
2023,222,DeWayne McBride,MIN,RB,22,UAB,CUSA,11,0,0,0,0,0,0,0,0,0,233,1713,7.4,19,2022,2,10,5,0,235,1723,7.3,19
2023,235,Lew Nichols,GNB,RB,22,Central Michigan,MAC,9,0,0,0,0,0,0,0,0,0,176,616,3.5,6,2022,21,128,6.1,0,197,744,3.8,6
2023,237,Kenny McIntosh,SEA,RB,23,Georgia,SEC,15,0,0,0,0,0,0,0,0,0,150,829,5.5,10,2022,43,505,11.7,2,193,1334,6.9,12
2024,46,Jonathon Brooks,CAR,RB,21,Texas,Big 12,11,0,0,0,0,0,0,0,0,0,187,1139,6.1,10,2023,25,286,11.4,1,212,1425,6.7,11
2024,66,Trey Benson,ARI,RB,21,Florida State,ACC,13,0,0,0,0,0,0,0,0,0,156,906,5.8,14,2023,20,227,11.4,1,176,1133,6.4,15
2024,83,Blake Corum,LAR,RB,23,Michigan,Big Ten,15,0,0,0,0,0,0,0,0,0,258,1245,4.8,27,2023,16,117,7.3,1,274,1362,5,28
2024,88,MarShawn Lloyd,GNB,RB,23,USC,Pac-12,11,,,,,,,,,,116,820,7.1,9,2023,13,232,17.8,0,129,1052,8.2,11
2024,120,Jaylen Wright,MIA,RB,21,Tennessee,SEC,12,0,0,0,0,0,0,0,0,0,137,1013,7.4,4,2023,22,141,6.4,0,159,1154,7.3,4
2024,125,Bucky Irving,TAM,RB,22,Oregon,Pac-12,14,0,0,0,0,0,0,0,0,0,186,1180,6.3,11,2023,56,413,7.4,2,242,1593,6.6,13
2024,127,Will Shipley,PHI,RB,22,Clemson,ACC,12,0,0,0,0,0,0,0,0,0,167,827,5,5,2023,31,244,7.9,2,198,1071,5.4,7
2024,128,Ray Davis,BUF,RB,24,Kentucky,SEC,13,,,,,,,,,,199,1129,5.7,14,2023,33,323,9.8,7,232,1452,6.3,21
2024,129,Isaac Guerendo,SFO,RB,24,Louisville,ACC,14,0,0,0,0,0,0,0,0,0,132,810,6.1,11,2023,22,234,10.6,0,154,1044,6.8,11
2024,134,Braelon Allen,NYJ,RB,20,Wisconsin,Big Ten,11,0,0,0,0,0,0,0,0,0,181,984,5.4,12,2023,28,132,4.7,0,209,1116,5.3,12
2024,147,Audric Estime,DEN,RB,21,Notre Dame,Ind,12,0,0,0,0,0,0,0,0,0,210,1341,6.4,18,2023,17,142,8.4,0,227,1483,6.5,18
2024,165,Rasheen Ali,BAL,RB,23,Marshall,Sun Belt,12,0,0,0,0,0,0,0,0,0,212,1135,5.4,15,2023,28,213,7.6,1,240,1348,5.6,16
2024,166,Tyrone Tracy,NYG,RB,24,Purdue,Big Ten,11,0,0,0,0,0,0,0,0,0,113,716,6.3,8,2023,19,132,6.9,0,132,848,6.4,8
2024,167,Keilan Robinson,JAX,RB,24,Texas,Big 12,13,,,,,,,,,,12,134,11.2,3,2023,8,56,7,0,20,190,9.5,3
2024,173,Isaiah Davis,NYJ,RB,22,South Dakota State,MAC,15,,,,,,,,,,236,1578,6.7,18,2023,23,199,8.7,1,256,1834,7.2,19
2024,181,Kimani Vidal,LAC,RB,23,Troy,Sun Belt,14,0,0,0,0,0,0,0,0,0,297,1661,5.6,14,2023,18,201,11.2,1,315,1862,5.9,15
2024,186,Jase McClellan,ATL,RB,22,Alabama,SEC,13,0,0,0,0,0,0,0,0,0,180,890,4.9,8,2023,15,137,9.1,0,195,1027,5.3,8
2024,205,Jawhar Jordan,HOU,RB,25,Louisville,ACC,13,0,0,0,0,0,0,0,0,0,181,1128,6.2,13,2023,21,246,11.7,1,202,1374,6.8,14
2024,208,Dylan Laube,LVR,RB,24,UNH,American East,10,,,,,,,,,,160,749,4.7,9,2023,68,699,10.3,7,228,1448,6.4,16
2015,41,Devin Funchess,CAR,TE,21,Michigan,Big Ten,11,0,0,0,0,0,0,0,0,0,2,-11,-5.5,0,2014,62,733,11.8,4,64,722,11.3,4
2015,55,Maxx Williams,BAL,TE,21,Minnesota,Big Ten,12,0,0,0,0,0,0,0,0,0,0,0,0,0,2014,36,569,15.8,8,36,569,15.8,8
2015,68,Clive Walford,OAK,TE,23,Miami (FL),ACC,12,0,0,0,0,0,0,0,0,0,0,0,0,0,2014,44,676,15.4,7,44,676,15.4,7
2015,85,Tyler Kroft,CIN,TE,22,Rutgers,Big Ten,13,,,,,,,,,,,,,,2014,24,269,11.2,0,24,269,11.2,0
2015,92,Jeff Heuerman,DEN,TE,22,Ohio State,Big Ten,14,,,,,,,,,,,,,,2014,17,207,12.2,2,17,207,12.2,2
2015,117,Blake Bell,SFO,TE,24,Oklahoma,Big 12,12,,,,,,,,,,2,4,2,0,2014,16,214,13.4,4,18,218,12.1,4
2015,143,MyCole Pruitt,MIN,TE,23,,,,,,,,,,,,,,,,,,,,,,,,,
2015,157,C.J. Uzomah,CIN,TE,22,Auburn,SEC,13,,,,,,,,,,1,1,1,0,2014,11,145,13.2,3,12,146,12.2,3
2015,160,Jesse James,PIT,TE,21,Penn State,Big Ten,13,0,0,0,0,0,0,0,0,0,0,0,0,0,2014,38,396,10.4,3,38,396,10.4,3
2015,171,Nick Boyle,BAL,TE,22,,,,,,,,,,,,,,,,,,,,,,,,,
2015,173,James O'Shaughnessy,KAN,TE,23,,,,,,,,,,,,,,,,,,,,,,,,,
2015,194,Nick O'Leary,BUF,TE,23,Florida State,ACC,14,0,0,0,0,0,0,0,0,0,0,0,0,1,2014,48,618,12.9,6,48,618,12.9,7
2015,195,Malcolm Johnson,CLE,TE,23,Mississippi State,SEC,13,0,0,0,0,0,0,0,0,0,0,0,0,0,2014,28,380,13.6,3,28,380,13.6,3
2015,198,Randall Telfer,CLE,TE,23,USC,Pac-12,13,,,,,,,,,,,,,,2014,21,197,9.4,2,21,197,9.4,2
2015,202,A.J. Derby,NWE,TE,23,Arkansas,SEC,11,,,,,,,,,,1,-6,-6,0,2014,22,303,13.8,3,23,297,12.9,3
2015,213,Kennard Backman,GNB,TE,22,UAB,CUSA,12,0,0,0,0,0,0,0,0,0,0,0,0,0,2014,39,399,10.2,3,39,399,10.2,3
2015,229,Ben Koyack,JAX,TE,22,Notre Dame,Ind,13,0,0,0,0,0,0,0,0,0,0,0,0,0,2014,30,317,10.6,2,30,317,10.6,2
2015,246,Geoff Swaim,DAL,TE,21,Texas,Big 12,13,,,,,,,,,,,,,,2014,10,70,7,1,10,70,7,1
2015,254,Rory Anderson,SFO,TE,22,South Carolina,SEC,10,,,,,,,,,,,,,,2014,22,260,11.8,1,22,260,11.8,1
2015,256,Gerald Christian,ARI,TE,24,Louisville,ACC,13,0,0,0,0,0,0,0,0,0,0,0,0,0,2014,32,384,12,5,32,384,12,5
2016,35,Hunter Henry,SDG,TE,21,Arkansas,SEC,13,0,0,0,0,0,0,0,0,0,0,0,0,0,2015,51,739,14.5,3,51,739,14.5,3
2016,81,Austin Hooper,ATL,TE,21,Stanford,Pac-12,14,0,0,0,0,0,0,0,0,0,0,0,0,0,2015,34,438,12.9,6,34,438,12.9,6
2016,94,Nick Vannett,SEA,TE,23,Ohio State,Big Ten,13,,,,,,,,,,,,,,2015,19,162,8.5,0,,162,8.5,0
2016,110,Tyler Higbee,LAR,TE,23,Western Kentucky,CUSA,9,0,0,0,0,0,0,0,0,0,0,0,0,0,2015,38,563,14.8,8,38,563,14.8,8
2016,138,Seth Devalve,CLE,TE,23,Princeton,Ivy,,,,,,,,,,,,,,,2015,33,337,10.2,1,,337,10.2,1
2016,177,Temarrick Hemingway,LAR,TE,23,,,,,,,,,,,,,,,,,,,,,,,,,
2016,184,Jerell Adams,NYG,TE,23,South Carolina,SEC,12,0,0,0,0,0,0,0,0,0,0,0,0,0,2015,28,421,15,3,28,421,15,3
2016,188,David Morgan,MIN,TE,23,UTSA,CUSA,12,0,0,0,0,0,0,0,0,0,0,0,0,0,2015,45,566,12.6,5,45,566,12.6,5
2016,217,Rico Gathers,DAL,TE,22,,,,,,,,,,,,,,,,,,,,,,,,,
2016,231,Thomas Duarte,MIA,TE,21,UCLA,Pac-12,13,0,0,0,0,0,0,0,0,0,0,0,0,0,2015,53,872,16.5,10,53,872,16.5,10
2016,252,Beau Sandland,CAR,TE,23,Montana State,Big Sky,2,,,,,,,,,,,,,,2015,4,36,9,1,,36,,1
2017,19,O.J. Howard,TAM,TE,22,Alabama,SEC,15,0,0,0,0,0,0,0,0,0,0,0,0,0,2016,45,595,13.2,3,45,595,13.2,3
2017,23,Evan Engram,NYG,TE,23,Ole Miss,SEC,11,0,0,0,0,0,0,0,0,0,0,0,0,0,2016,65,926,14.2,8,65,926,14.2,8
2017,29,David Njoku,CLE,TE,21,Miami (FL),ACC,13,0,0,0,0,0,0,0,0,0,0,0,0,0,2016,43,698,16.2,8,43,698,16.2,8
2017,44,Gerald Everett,LAR,TE,23,South Alabama,Sun Belt,13,0,0,0,0,0,0,0,0,0,0,0,0,0,2016,49,717,14.6,4,49,717,14.6,4
2017,45,Adam Shaheen,CHI,TE,22,Ashland,G-MAC,11,,,,,,,,,,,,,,2016,70,803,11.5,10,70,803,11.5,10
2017,100,Jonnu Smith,TEN,TE,22,Florida International,CUSA,11,0,0,0,0,0,0,0,0,0,1,5,5,0,2016,42,506,12,4,43,511,11.9,4
2017,127,Michael Roberts,DET,TE,23,Toledo,MAC,13,0,0,0,0,0,0,0,0,0,0,0,0,0,2016,45,533,11.8,16,45,533,11.8,16
2017,145,Jake Butt,DEN,TE,22,Michigan,Big Ten,13,0,0,0,0,0,0,0,0,0,0,0,0,0,2016,46,546,11.9,4,46,546,11.9,4
2017,146,George Kittle,SFO,TE,23,Iowa,Big Ten,11,,,,,,,,,,,,,,2016,22,314,14.3,4,22,314,14.3,4
2017,150,Jordan Leggett,NYJ,TE,22,Clemson,ACC,15,0,0,0,0,0,0,0,0,0,0,0,0,0,2016,46,736,16,7,46,736,16,7
2017,154,Jeremy Sprinkle,WAS,TE,23,Arkansas,SEC,13,0,0,0,0,0,0,0,0,0,0,0,0,0,2016,33,380,11.5,4,33,380,11.5,4
2017,174,Eric Saubert,ATL,TE,23,Drake,PFL,11,,,,,,,,,,,,,,2016,56,776,13.9,10,56,776,13.9,10
2017,201,Bucky Hodges,MIN,TE,22,Virginia Tech,ACC,14,0,0,0,0,0,0,0,0,0,9,42,4.7,0,2016,48,691,14.4,7,57,733,12.9,7
2017,251,Mason Schreck,CIN,TE,23,Buffalo,MAC,12,0,0,0,0,0,0,0,0,0,0,0,0,0,2016,59,651,11,4,59,651,11,4
2018,25,Hayden Hurst,BAL,TE,25,South Carolina,SEC,13,0,0,0,0,0,0,0,0,0,9,30,3.3,1,2017,44,559,12.7,2,53,589,11.1,3
2018,42,Mike Gesicki,MIA,TE,22,Penn State,Big Ten,13,0,0,0,0,0,0,0,0,0,0,0,0,0,2017,57,563,9.9,9,57,563,9.9,9
2018,49,Dallas Goedert,PHI,TE,23,South Dakota State,MVC,14,,,,,,,,,,,,,,2017,72,1111,15.4,7,72,1111,15.4,7
2018,86,Mark Andrews,BAL,TE,23,Oklahoma,Big 12,14,0,0,0,0,0,0,0,0,0,0,0,0,0,2017,62,958,15.5,8,62,958,15.5,8
2018,98,Jordan Akins,HOU,TE,26,UCF,American,12,0,0,0,0,0,0,0,0,0,0,0,0,0,2017,32,515,16.1,4,32,515,16.1,4
2018,101,Ian Thomas,CAR,TE,22,Indiana,Big Ten,10,0,0,0,0,0,0,0,0,0,0,0,0,0,2017,25,376,15,5,25,376,15,5
2018,107,Chris Herndon,NYJ,TE,22,Miami (FL),ACC,11,,,,,,,,,,,,,,2017,40,477,11.9,4,40,477,11.9,4
2018,120,Will Dissly,SEA,TE,22,Washington,Pac-12,13,,,,,,,,,,,,,,2017,21,289,13.8,2,21,289,13.8,2
2018,123,Durham Smythe,MIA,TE,23,Notre Dame,Ind,13,,,,,,,,,,,,,,2017,15,244,16.3,1,15,244,16.3,1
2019,137,Dalton Schultz,DAL,TE,22,Stanford,Pac-12,13,,,,,,,,,,,,,,2017,13,212,9.6,3,22,212,9.6,3
2018,156,Troy Fumagalli,DEN,TE,23,Wisconsin,Big Ten,13,0,0,0,0,0,0,0,0,0,0,0,0,0,2017,46,547,11.9,4,46,547,11.9,4
2018,157,Tyler Conklin,MIN,TE,23,Central Michigan,MAC,8,0,0,0,0,0,0,0,0,0,0,0,0,0,2017,35,504,14.4,5,35,504,14.4,5
2018,165,Jaylen Samuels,PIT,TE,22,North Carolina State,ACC,13,0,0,0,0,0,0,0,0,0,77,403,5.2,12,2017,76,597,7.9,4,153,1000,6.5,16
2018,211,Jordan Thomas,HOU,TE,22,Mississippi State,SEC,12,,,,,,,,,,,,,,2017,22,263,12,3,22,263,12,1
2018,250,Ryan Izzo,NWE,TE,22,Florida State,ACC,13,,,,,,,,,,,,,,2017,20,317,15.9,3,20,317,15.9,3
2019,8,T.J. Hockenson,DET,TE,22,Iowa,Big Ten,13,0,0,0,0,0,0,0,0,0,1,4,4,1,2018,49,760,15.5,6,50,764,15.3,7
2019,20,Noah Fant,DEN,TE,21,Iowa,Big Ten,12,0,0,0,0,0,0,0,0,0,2,1,0.5,0,2018,39,519,13.3,7,41,520,12.7,7
2019,50,Irv Smith Jr.,MIN,TE,21,Alabama,SEC,15,0,0,0,0,0,0,0,0,0,0,0,0,0,2018,44,710,16.1,7,44,710,16.1,7
2019,52,Drew Sample,CIN,TE,23,Washington,Pac-12,14,,,,,,,,,,,,,,2018,25,252,10.1,3,25,252,10.1,3
2019,69,Josh Oliver,JAX,TE,22,San Jose State,MWC,12,0,0,0,0,0,0,0,0,0,0,0,0,0,2018,56,709,12.7,4,56,709,12.7,4
2019,75,Jace Sternberger,GNB,TE,23,Texas A&M,SEC,13,0,0,0,0,0,0,0,0,0,1,4,4,0,2018,48,832,17.3,10,49,836,17.1,10
2019,86,Kahale Warring,HOU,TE,22,San Diego State,MWC,12,0,0,0,0,0,0,0,0,0,0,0,0,0,2018,31,372,12,3,31,372,12,3
2019,96,Dawson Knox,BUF,TE,22,Ole Miss,SEC,10,0,0,0,0,0,0,0,0,0,0,0,0,0,2017,24,321,13.4,0,24,321,13.4,0
2019,121,Trevon Wesco,NYJ,TE,23,West Virginia,Big 12,12,0,0,0,0,0,0,0,0,0,1,3,3,0,2018,26,366,14.1,1,27,369,13.7,1
2019,137,Foster Moreau,OAK,TE,22,LSU,SEC,13,,,,,,,,,,,,,,2018,22,272,12.4,2,22,272,12.4,2
2019,141,Zach Gentry,PIT,TE,22,Michigan,Big Ten,13,0,0,0,0,0,0,0,0,0,0,0,0,0,2018,32,514,16.1,2,32,514,16.1,2
2019,176,Kaden Smith,SFO,TE,22,Stanford,Pac-12,10,0,0,0,0,0,0,0,0,0,0,0,0,0,2018,47,635,13.5,2,47,635,13.5,2
2019,224,Isaac Nauta,DET,TE,22,Georgia,SEC,14,0,0,0,0,0,0,0,0,0,0,31,0,1,2018,30,430,14.3,3,30,461,15.4,4
2019,228,Tommy Sweeney,BUF,TE,24,Boston College,ACC,12,0,0,0,0,0,0,0,0,0,0,0,0,0,2018,32,348,10.9,3,32,348,10.9,3
2019,231,Alize Mack,NOR,TE,22,Notre Dame,Ind,12,,,,,,,,,,,,,,2018,36,360,10,3,36,360,10,3
2019,254,Caleb Wilson,ARI,TE,23,UCLA,Pac-12,12,0,0,0,0,0,0,0,0,0,1,4,4,0,2018,60,965,16.1,4,61,969,15.9,4
2020,43,Cole Kmet,CHI,TE,21,Notre Dame,Ind,11,0,0,0,0,0,0,0,0,0,0,0,0,0,2019,43,515,12,6,43,515,12,6
2020,91,Devin Asiasi,NWE,TE,23,UCLA,Pac-12,12,0,0,0,0,0,0,0,0,0,0,0,0,0,2019,44,641,14.6,4,44,641,14.6,4
2020,94,Josiah Deguara,GNB,TE,23,Cincinnati,American,14,0,0,0,0,0,0,0,0,0,0,2,0,1,2019,39,504,12.9,7,39,506,13,8
2020,101,Dalton Keene,NWE,TE,21,Virginia Tech,ACC,12,0,0,0,0,0,0,0,0,0,0,0,0,0,2018,28,341,12.2,3,28,341,12.2,3
2020,105,Adam Trautman,NOR,TE,23,Dayton,A10,10,,,,,,,,,,,,,,2019,70,916,13.1,14,70,916,13.1,14
2020,115,Harrison Bryant,CLE,TE,22,Florida Atlantic,CUSA,13,0,0,0,0,0,0,0,0,0,0,0,0,0,2019,65,1004,15.4,7,65,1004,15.4,7
2020,118,Albert Okwuegbunam,DEN,TE,22,Missouri,SEC,11,0,0,0,0,0,0,0,0,0,0,0,0,0,2019,26,306,11.8,6,26,306,11.8,6
2020,133,Colby Parkinson,SEA,TE,21,Stanford,Pac-12,12,0,0,0,0,0,0,0,0,0,0,0,0,0,2019,48,589,12.3,1,48,589,12.3,1
2020,136,Brycen Hopkins,LAR,TE,23,Purdue,Big Ten,12,0,0,0,0,0,0,0,0,0,0,0,0,0,2019,61,830,13.6,7,61,830,13.6,7
2020,190,Charlie Woerner,SFO,TE,22,Georgia,SEC,14,,,,,,,,,,,,,,2019,9,78,8.7,1,9,78,8.7,1
2020,206,Tyler Davis,JAX,TE,23,,,,,,,,,,,,,,,,,,,,,,,,,
2020,251,Stephen Sullivan,SEA,TE,23,LSU,SEC,15,,,,,,,,,,,,,,2019,12,130,10.8,0,12,130,10.8,0
2021,4,Kyle Pitts,ATL,TE,20,Florida,SEC,8,0,0,0,0,0,0,0,0,0,0,0,0,0,2020,43,770,17.9,12,43,770,17.9,12
2021,55,Pat Freiermuth,PIT,TE,22,Penn State,Big Ten,4,0,0,0,0,0,0,0,0,0,0,0,0,0,2020,23,310,13.5,1,23,310,13.5,1
2021,81,Hunter Long,MIA,TE,23,Boston College,ACC,11,0,0,0,0,0,0,0,0,0,0,0,0,0,2020,57,685,12,5,57,685,12,5
2021,83,Tommy Tremble,CAR,TE,21,Notre Dame,Ind,12,,,,,,,,,,1,4,4,0,2019,19,213,11.2,0,20,217,10.9,0
2021,97,Tre' McKitty,LAC,TE,22,Florida State,ACC,12,0,0,0,0,0,0,0,0,0,0,0,0,0,2018,26,256,9.8,2,26,256,9.8,2
2021,124,John Bates,WAS,TE,23,Boise State,MWC,5,,,,,,,,,,,,,,2020,12,117,9.8,0,12,117,9.8,0
2021,127,Kylen Granson,IND,TE,23,SMU,American,10,0,0,0,0,0,0,0,0,0,1,0,0,0,2020,35,536,15.3,5,36,536,14.9,5
2021,145,Luke Farrell,JAX,TE,23,Ohio State,Big Ten,7,,,,,,,,,,,,,,2020,5,37,7.4,1,5,37,7.4,1
2021,147,Brevin Jordan,HOU,TE,21,Miami (FL),ACC,8,0,0,0,0,0,0,0,0,0,2,1,0.5,0,2020,38,576,15.2,7,40,577,14.4,7
2021,162,Noah Gray,KAN,TE,22,Duke,ACC,10,0,0,0,0,0,0,0,0,0,2,3,1.5,0,2020,29,285,9.8,2,31,288,9.3,2
2021,168,Zach Davidson,MIN,TE,23,,,,,,,,,,,,,,,,,,,,,,,,,
2022,55,Trey McBride,ARI,TE,22,Colorado State,MWC,12,0,0,0,0,0,0,0,0,0,1,69,69,1,2021,90,1121,12.5,1,91,1190,13.1,2
2022,73,Jelani Woods,IND,TE,23,Virginia,ACC,11,0,0,0,0,0,0,0,0,0,1,1,1,0,2021,44,598,13.6,8,45,599,13.3,8
2022,80,Greg Dulcich,DEN,TE,22,UCLA,Pac-12,12,0,0,0,0,0,0,0,0,0,0,0,0,0,2021,42,725,17.3,5,42,725,17.3,5
2022,101,Jeremy Ruckert,NYJ,TE,22,Ohio State,Big Ten,12,0,0,0,0,0,0,0,0,0,0,0,0,0,2021,26,309,11.9,3,26,309,11.9,3
2022,106,Cade Otton,TAM,TE,23,Washington,Pac-12,8,0,0,0,0,0,0,0,0,0,0,0,0,0,2021,28,250,8.9,1,28,250,8.9,1
2022,112,Daniel Bellinger,NYG,TE,21,San Diego State,MWC,13,0,0,0,0,0,0,0,0,0,1,2,2,0,2021,31,357,11.5,2,32,359,11.2,2
2022,128,Charlie Kolar,BAL,TE,23,Iowa State,Big 12,12,0,0,0,0,0,0,0,0,0,0,0,0,0,2021,62,756,12.2,6,62,756,12.2,6
2022,129,Jake Ferguson,DAL,TE,23,Wisconsin,Big Ten,13,0,0,0,0,0,0,0,0,0,0,0,0,0,2021,46,450,9.8,3,46,450,9.8,3
2022,139,Isaiah Likely,BAL,TE,22,Coastal Carolina,Sun Belt,13,0,0,0,0,0,0,0,0,0,3,10,3.3,0,2021,59,912,15.5,12,62,922,14.9,12
2022,143,Chigoziem Okonkwo,TEN,TE,22,Maryland,Big Ten,13,0,0,0,0,0,0,0,0,0,0,0,0,0,2021,52,447,8.6,5,52,447,8.6,5
2022,149,Cole Turner,WAS,TE,22,Nevada,MWC,11,0,0,0,0,0,0,0,0,0,0,0,0,0,2021,62,677,10.9,10,62,677,10.9,10
2022,170,Teagan Quitoriano,HOU,TE,22,Oregon State,Pac-12,7,0,0,0,0,0,0,0,0,0,0,0,0,0,2020,14,185,13.2,1,14,185,13.2,1
2022,177,James Mitchell,DET,TE,23,Virginia Tech,ACC,10,0,0,0,0,0,0,0,0,0,1,1,1,1,2020,26,435,16.7,4,27,436,16.1,5
2022,192,Andrew Ogletree,IND,TE,24,,,,,,,,,,,,,,,,,,,,,,,,,
2022,198,Grant Calcaterra,PHI,TE,23,SMU,American,12,0,0,0,0,0,0,0,0,0,0,0,0,0,2021,38,465,12.2,4,38,465,12.2,4
2022,208,Connor Heyward,PIT,TE,23,Michigan State,Big Ten,7,0,0,0,0,0,0,0,0,0,65,200,3.1,0,2020,18,71,3.9,2,83,271,3.3,2
2022,213,John FitzPatrick,ATL,TE,22,Georgia,SEC,15,,,,,,,,,,,,,,2021,6,83,13.8,0,6,83,13.8,0
2022,218,Ko Kieft,TAM,TE,24,Minnesota,Big Ten,13,,,,,,,,,,,,,,2021,7,101,14.4,1,7,101,14.4,1
2022,227,Nick Muse,MIN,TE,23,South Carolina,SEC,10,0,0,0,0,0,0,0,0,0,0,0,0,0,2020,30,425,14.2,1,30,425,14.2,1
2023,25,Dalton Kincaid,BUF,TE,23,Utah,Pac-12,12,0,0,0,0,0,0,0,0,0,0,0,0,0,2022,70,890,12.7,8,70,890,12.7,8
2023,34,Sam LaPorta,DET,TE,22,Iowa,Big Ten,12,,,,,,,,,,2,6,3,0,2022,58,657,11.3,1,60,663,11.1,1
2023,35,Michael Mayer,LVR,TE,22,Notre Dame,Ind,12,0,0,0,0,0,0,0,0,0,0,0,0,0,2022,67,809,12.1,9,67,809,12.1,9
2023,42,Luke Musgrave,GNB,TE,23,Oregon State,Pac-12,2,,,,,,,,,,,,,,2022,11,169,15.4,1,11,169,15.4,1
2023,58,Luke Schoonmaker,DAL,TE,24,Michigan,Big Ten,12,0,0,0,0,0,0,0,0,0,0,0,0,0,2022,35,418,11.9,3,35,418,11.9,3
2023,61,Brenton Strange,JAX,TE,22,Penn State,Big Ten,13,0,0,0,0,0,0,0,0,0,1,0,0,0,2022,32,362,11.3,5,33,362,11,5
2023,78,Tucker Kraft,GNB,TE,22,,,,,,,,,,,,,,,,,,,,,,,,,
2023,93,Darnell Washington,PIT,TE,22,Georgia,SEC,15,,,,,,,,,,,,,,2022,28,454,16.2,2,282,454,16.2,2
2023,101,Cameron Latu,SFO,TE,23,Alabama,SEC,11,0,0,0,0,0,0,0,0,0,0,0,0,0,2022,30,377,12.6,4,30,377,12.6,4
2023,147,Josh Whyle,TEN,TE,23,Cincinnati,American,12,0,0,0,0,0,0,0,0,0,0,0,0,0,2022,32,326,10.2,3,32,326,10.2,3
2023,162,Will Mallory,IND,TE,24,Miami (FL),ACC,12,0,0,0,0,0,0,0,0,0,0,0,0,0,2022,42,538,12.8,3,42,538,12.8,3
2023,171,Payne Durham,TAM,TE,23,Purdue,Big Ten,13,0,0,0,0,0,0,0,0,0,1,4,4,0,2022,56,560,10,8,57,564,9.9,8
2023,175,Davis Allen,LAR,TE,22,Clemson,ACC,14,0,0,0,0,0,0,0,0,0,0,0,0,0,2022,39,443,11.4,5,39,443,11.4,5
2023,220,Zack Kuntz,NYJ,TE,24,Old Dominion,CUSA,13,0,0,0,0,0,0,0,0,0,0,0,0,0,2021,73,692,9.5,5,73,692,9.5,5
2023,247,Brayden Willis,SFO,TE,23,Oklahoma,Big 12,13,0,0,0,0,0,0,0,0,0,10,26,2.6,0,2022,39,514,13.2,7,49,540,11,7
2024,13,Brock Bowers,LVR,TE,21,Georgia,SEC,10,0,0,0,0,0,0,0,0,0,6,28,4.7,1,2023,56,714,12.8,6,62,742,12,7
2024,53,Ben Sinnott,WAS,TE,22,Kansas State,Big 12,12,0,0,0,0,0,0,0,0,0,0,0,0,0,2023,49,676,13.8,6,49,676,13.8,6
2024,82,Tip Reiman,ARI,TE,22,Illinois,Big Ten,12,,,,,,,,,,,,,,2023,19,203,10.7,3,19,203,10.7,3
2024,101,Ja'Tavion Sanders,CAR,TE,21,Texas,Big 12,14,0,0,0,0,0,0,0,0,0,1,12,12,0,2023,45,682,15.2,2,46,694,15.1,2
2024,107,Theo Johnson,NYG,TE,23,Penn State,Big Ten,13,0,0,0,0,0,0,0,0,0,0,0,0,0,2023,34,341,10,7,34,341,10,7
2024,115,Erick All,CIN,TE,23,Michigan,Big Ten,13,0,0,0,0,0,0,0,0,0,0,0,0,0,2021,38,437,11.5,2,38,437,11.5,2
2024,121,AJ Barner,SEA,TE,22,Indiana,Big Ten,10,0,0,0,0,0,0,0,0,0,0,0,0,0,2022,28,199,7.1,3,28,199,7.1,3
2024,123,Cade Stover,HOU,TE,24,Ohio State,Big Ten,12,0,0,0,0,0,0,0,0,0,0,0,0,0,2023,41,576,14,5,41,576,14,5
2024,131,Jared Wiley,KAN,TE,23,TCU,Big 12,12,0,0,0,0,0,0,0,0,0,0,0,0,0,2023,47,520,11.1,8,47,520,11.1,8
2024,194,Tanner McLachlan,CIN,TE,25,Arizona,Pac-12,13,0,0,0,0,0,0,0,0,0,0,0,0,0,2023,45,528,11.7,4,45,528,11.7,4
2024,231,Jaheim Bell,NWE,TE,23,Florida State,ACC,13,0,0,0,0,0,0,0,0,0,4,2,0.5,1,2023,39,503,12.9,2,43,505,11.7,3
2024,246,Devin Culp,TAM,TE,24,Washington,Pac-12,13,0,0,0,0,0,0,0,0,0,1,2,2,0,2022,29,266,9.2,1,30,268,8.9,1
2015,4,Amari Cooper,OAK,WR,21,Alabama,SEC,14,0,0,0,0,0,0,0,0,0,5,23,4.6,0,2014,124,1727,13.9,16,129,1750,13.6,16
2015,7,Kevin White,CHI,WR,23,West Virginia,Big 12,13,0,0,0,0,0,0,0,0,0,0,0,0,0,2014,109,1447,13.3,10,109,1447,13.3,10
2015,14,DeVante Parker,MIA,WR,22,Louisville,ACC,7,0,0,0,0,0,0,0,0,0,0,0,0,0,2014,43,855,19.9,5,43,855,19.9,5
2015,20,Nelson Agholor,PHI,WR,22,USC,Pac-12,13,0,0,0,0,0,0,0,0,0,4,3,0.8,0,2014,104,1313,12.6,12,108,1316,12.2,12
2015,26,Breshad Perriman,BAL,WR,21,UCF,American,13,0,0,0,0,0,0,0,0,0,1,0,0,0,2014,50,1044,20.9,9,51,1044,20.5,9
2015,29,Phillip Dorsett,IND,WR,22,Miami (FL),ACC,13,0,0,0,0,0,0,0,0,0,2,-6,-3,0,2014,36,871,24.2,10,38,865,22.8,10
2015,37,Devin Smith,NYJ,WR,23,Ohio State,Big Ten,15,0,0,0,0,0,0,0,0,0,0,0,0,0,2014,33,931,28.2,12,33,931,28.2,12
2015,40,Dorial Green-Beckham,TEN,WR,22,Missouri,SEC,14,,,,,,,,,,1,3,3,0,2013,59,883,15,12,60,886,14.8,12
2015,69,Tyler Lockett,SEA,WR,22,Kansas State,Big 12,13,0,0,0,0,0,0,0,0,0,3,17,5.7,0,2014,106,1515,14.3,11,109,1532,14.1,11
2015,70,Jaelen Strong,HOU,WR,21,Arizona State,Pac-12,12,0,0,0,0,0,0,0,0,0,0,0,0,0,2014,82,1165,14.2,10,82,1165,14.2,10
2015,76,Chris Conley,KAN,WR,22,Georgia,SEC,13,0,0,0,0,0,0,0,0,0,0,0,0,0,2014,36,657,18.3,8,36,657,18.3,8
2015,87,Sammie Coates,PIT,WR,22,Auburn,SEC,12,0,0,0,0,0,0,0,0,0,0,0,0,0,2014,34,741,21.8,4,34,741,21.8,4
2015,94,Ty Montgomery,GNB,WR,22,Stanford,Pac-12,11,0,0,0,0,0,0,0,0,0,23,144,6.3,1,2014,61,604,9.9,3,84,748,8.9,4
2015,105,Jamison Crowder,WAS,WR,22,Duke,ACC,13,0,0,0,0,0,0,0,0,0,2,9,4.5,0,2014,85,1044,12.3,6,87,1053,12.1,6
2015,107,Justin Hardy,ATL,WR,23,East Carolina,American,13,0,0,0,0,0,0,0,0,0,1,7,7,1,2014,121,1494,12.3,10,122,1501,12.3,11
2015,123,Vince Mayle,CLE,WR,24,Washington State,Pac-12,12,0,0,0,0,0,0,0,0,0,0,0,0,0,2014,106,1483,14,9,106,1483,14,9
2015,132,DeAndre Smelter,SFO,WR,23,Georgia Tech,ACC,12,0,0,0,0,0,0,0,0,0,3,103,34.3,1,2014,35,715,20.4,7,38,818,21.5,8
2015,139,Rashad Greene,JAX,WR,22,Florida State,ACC,14,0,0,0,0,0,0,0,0,0,1,-2,-2,0,2014,99,1365,13.8,7,100,1363,13.6,7
2015,146,Stefon Diggs,MIN,WR,21,Maryland,Big Ten,10,0,0,0,0,0,0,0,0,0,5,28,5.6,0,2014,62,792,12.8,5,67,820,12.2,5
2015,156,Tony Lippett,MIA,WR,23,Michigan State,Big Ten,13,0,0,0,0,0,0,0,0,0,2,51,25.5,1,2014,65,1198,18.4,11,67,1249,18.6,12
2015,159,JJ Nelson,ARI,WR,23,UAB,CUSA,12,0,0,0,0,0,0,0,0,0,5,45,9,0,2014,35,655,18.7,4,40,700,17.5,4
2015,162,Kenny Bell,TAM,WR,23,Nebraska,Big Ten,13,0,0,0,0,0,0,0,0,0,0,0,0,0,2014,47,788,16.8,6,47,788,16.8,6
2015,175,Keith Mumphery,HOU,WR,23,Michigan State,Big Ten,13,0,0,0,0,0,0,0,0,0,6,85,14.2,1,2014,26,495,19,3,32,580,18.1,4
2015,184,Kaelin Clay,TAM,WR,23,Utah,Pac-12,13,0,0,0,0,0,0,0,0,0,4,4,1,0,2014,43,523,12.2,4,47,527,11.2,4
2015,186,Geremy Davis,NYG,WR,23,Connecticut,American,11,0,0,0,0,0,0,0,0,0,0,0,0,0,2014,44,521,11.8,3,44,521,11.8,3
2015,187,Evan Spencer,WAS,WR,22,Ohio State,Big Ten,15,,,,,,,,,,1,9,9,0,2014,15,149,9.9,3,16,158,9.9,3
2015,201,Bud Sasser,STL,WR,22,Missouri,SEC,14,0,0,0,0,0,0,0,0,0,0,0,0,0,2014,77,1003,13,12,77,1003,13,12
2015,204,Darren Waller,BAL,WR,22,,,,,,,,,,,,,,,,,,,,,,,,,
2015,220,Neal Sterling,JAX,WR,23,,,,,,,,,,,,,,,,,,,,,,,,,
2015,221,Andre Debose,OAK,WR,22,,,,,,,,,,,,,,,,,,,,,,,,,
2015,233,Da'Ron Brown,KAN,WR,23,,,,,,,,,,,,,,,,,,,,,,,,,
2015,234,Dezmin Lewis,BUF,WR,22,,,,,,,,,,,,,,,,,,,,,,,,,
2015,238,Mario Alford,CIN,WR,23,West Virginia,Big 12,13,0,0,0,0,0,0,0,0,0,2,14,7,0,2014,65,945,14.5,11,67,959,14.3,11
2015,245,Tre McBride,TEN,WR,22,,,,,,,,,,,,,,,,,,,,,,,,,
2016,15,Corey Coleman,CLE,WR,22,Baylor,Big 12,12,0,0,0,0,0,0,0,0,0,22,111,5,0,2015,74,1363,18.4,20,96,1474,15.4,20
2016,21,Will Fuller,HOU,WR,22,Notre Dame,Ind,13,0,0,0,0,0,0,0,0,0,0,0,0,0,2015,62,1258,20.3,14,62,1258,20.3,14
2016,22,Josh Doctson,WAS,WR,23,TCU,Big 12,11,0,0,0,0,0,0,0,0,0,1,6,6,0,2015,79,1327,16.8,14,80,1333,16.7,14
2016,23,Laquon Treadwell,MIN,WR,21,Ole Miss,SEC,13,0,0,0,0,0,0,0,0,0,1,-5,-5,0,2015,82,1153,14.1,11,83,1148,13.8,11
2016,40,Sterling Shepard,NYG,WR,23,Oklahoma,Big 12,13,0,0,0,0,0,0,0,0,0,1,5,5,0,2015,86,1288,15,11,87,1293,14.9,11
2016,47,Michael Thomas,NOR,WR,23,Ohio State,Big Ten,13,0,0,0,0,0,0,0,0,0,0,0,0,0,2015,56,781,13.9,9,56,781,13.9,9
2016,55,Tyler Boyd,CIN,WR,21,Pitt,ACC,12,0,0,0,0,0,0,0,0,0,40,349,8.7,0,2015,91,926,10.2,6,131,1275,9.7,6
2016,85,Braxton Miller,HOU,WR,23,Ohio State,Big Ten,13,0,0,0,0,0,0,0,0,0,42,260,6.2,1,2015,26,341,13.1,3,68,601,8.8,4
2016,86,Leonte Carroo,MIA,WR,22,Rutgers,Big Ten,8,0,0,0,0,0,0,0,0,0,0,0,0,0,2015,39,809,20.7,10,39,809,20.7,10
2016,107,Chris Moore,BAL,WR,23,Cincinnati,American,12,0,0,0,0,0,0,0,0,0,2,10,5,0,2015,40,870,21.8,7,42,880,21,7
2016,112,Malcolm Mitchell,NWE,WR,24,Georgia,SEC,13,0,0,0,0,0,0,0,0,0,0,0,0,0,2015,58,865,14.9,5,58,865,14.9,5
2016,114,Ricardo Louis,CLE,WR,22,Auburn,SEC,13,0,0,0,0,0,0,0,0,0,29,158,5.4,1,2015,46,716,15.6,3,75,874,11.7,4
2016,117,Pharoh Cooper,LAR,WR,21,South Carolina,SEC,12,0,0,0,0,0,0,0,0,0,24,111,4.6,1,2015,66,973,14.7,8,90,1084,12,9
2016,126,Demarcus Robinson,KAN,WR,21,Kansas State,Big 12,13,0,0,0,0,0,0,0,0,0,113,437,3.9,5,2014,9,76,8.4,1,122,513,4.2,6
2016,140,Tajae Sharpe,TEN,WR,21,Massachusetts,MAC,12,0,0,0,0,0,0,0,0,0,1,-3,-3,0,2015,111,1319,11.9,5,112,1316,11.8,5
2016,154,Jordan Payton,CLE,WR,23,UCLA,Pac-12,13,0,0,0,0,0,0,0,0,0,0,0,0,0,2015,78,1106,14.2,5,78,1106,14.2,5
2016,163,Trevor Davis,GNB,WR,23,California,Pac-12,13,0,0,0,0,0,0,0,0,0,3,4,1.3,0,2015,40,672,16.8,2,43,676,15.7,2
2016,165,Tyreek Hill,KAN,WR,22,Oklahoma State,Big 12,12,0,0,0,0,0,0,0,0,0,102,534,5.2,1,2014,31,281,9.1,1,133,815,6.1,2
2016,172,Rashard Higgins,CLE,WR,21,Colorado State,MWC,12,0,0,0,0,0,0,0,0,0,1,20,20,0,2015,75,1062,14.2,8,76,1082,14.2,8
2016,180,Moritz Boehringer,MIN,WR,22,,,,,,,,,,,,,,,,,,,,,,,,,
2016,186,Jakeem Grant,MIA,WR,23,Texas Tech,Big 12,13,0,0,0,0,0,0,0,0,0,8,68,8.5,2,2015,90,1268,14.1,10,98,1336,13.6,12
2016,192,Kolby Listenbee,BUF,WR,22,TCU,Big 12,11,0,0,0,0,0,0,0,0,0,1,11,11,0,2015,30,597,19.9,5,31,608,19.6,5
2016,199,Cody Core,CIN,WR,22,Ole Miss,SEC,13,0,0,0,0,0,0,0,0,0,1,1,1,0,2015,37,644,17.4,4,38,645,17,4
2016,206,Mike Thomas,LAR,WR,22,,,,,,,,,,,,,,,,,,,,,,,,,
2016,213,Aaron Burbridge,SFO,WR,22,Michigan State,Big Ten,14,0,0,0,0,0,0,0,0,0,9,44,4.9,0,2015,85,1258,14.8,7,94,1302,13.9,7
2016,225,Devin Lucien,NWE,WR,23,Arizona State,Pac-12,13,0,0,0,0,0,0,0,0,0,0,0,0,0,2015,66,1075,16.3,8,66,1075,16.3,8
2016,229,Demarcus Ayers,PIT,WR,22,Houston,American,14,0,0,0,0,0,0,0,0,0,25,147,5.9,1,2015,98,1222,12.5,6,123,1369,11.1,7
2016,230,Daniel Braverman,CHI,WR,22,Western Michigan,MAC,13,0,0,0,0,0,0,0,0,0,2,13,6.5,0,2015,109,1377,12.6,13,111,1390,12.5,13
2016,238,Devin Fuller,ATL,WR,22,UCLA,Pac-12,13,0,0,0,0,0,0,0,0,0,1,-2,-2,0,2014,59,447,7.6,1,60,445,7.4,1
2016,241,Charone Peake,NYJ,WR,23,Clemson,ACC,15,0,0,0,0,0,0,0,0,0,0,0,0,0,2015,50,716,14.3,5,50,716,14.3,5
2016,243,Kenny Lawler,SEA,WR,22,California,Pac-12,13,0,0,0,0,0,0,0,0,0,1,5,5,0,2015,52,658,12.7,13,53,663,12.5,13
2017,5,Corey Davis,TEN,WR,22,Western Michigan,MAC,14,0,0,0,0,0,0,0,0,0,1,0,0,0,2016,97,1500,15.5,19,98,1500,15.3,19
2017,7,Mike Williams,LAC,WR,22,Clemson,ACC,15,0,0,0,0,0,0,0,0,0,0,0,0,0,2016,98,1361,13.9,11,98,1361,13.9,11
2017,9,John Ross,CIN,WR,21,Washington,Pac-12,14,0,0,0,0,0,0,0,0,0,8,102,12.8,1,2016,81,1150,14.2,17,89,1252,14.1,18
2017,37,Zay Jones,BUF,WR,22,East Carolina,American,12,0,0,0,0,0,0,0,0,0,4,24,6,0,2016,158,1746,11.1,8,162,1770,10.9,8
2017,40,Curtis Samuel,CAR,WR,21,Ohio State,Big Ten,13,0,0,0,0,0,0,0,0,0,97,771,7.9,8,2016,74,865,11.7,7,171,1636,9.6,15
2017,62,JuJu Smith-Schuster,PIT,WR,20,USC,Pac-12,13,0,0,0,0,0,0,0,0,0,5,27,5.4,0,2016,70,914,13.1,10,75,941,12.5,10
2017,69,Cooper Kupp,LAR,WR,24,Eastern Washington,Big Sky,13,,,,,,,,,,,,,,2016,117,1700,14.5,17,117,1700,14.5,17
2017,72,Taywan Taylor,TEN,WR,22,Western Kentucky,CUSA,14,0,0,0,0,0,0,0,0,0,6,36,6,0,2016,98,1730,17.7,17,104,1766,17,17
2017,79,ArDarius Stewart,NYJ,WR,23,Alabama,SEC,12,0,0,0,0,0,0,0,0,0,8,68,8.5,0,2016,54,864,16,8,62,932,15,8
2017,82,Carlos Henderson,DEN,WR,22,Louisiana Tech,CUSA,13,0,0,0,0,0,0,0,0,0,14,133,9.5,2,2016,82,1535,18.7,19,96,1668,17.4,21
2017,84,Chris Godwin,TAM,WR,21,Penn State,Big Ten,14,0,0,0,0,0,0,0,0,0,1,13,13,0,2016,59,982,16.6,11,60,995,16.6,11
2017,96,Kenny Golladay,DET,WR,23,Northern Illinois,MAC,12,0,0,0,0,0,0,0,0,0,20,192,9.6,2,2016,87,1156,13.3,8,107,1348,12.6,10
2017,98,Chad Williams,ARI,WR,22,,,,,,,,,,,,,,,,,,,,,,,,,
2017,106,Amara Darboh,SEA,WR,23,Michigan,Big Ten,13,0,0,0,0,0,0,0,0,0,0,0,0,0,2016,57,862,15.1,7,57,862,15.1,7
2017,110,Dede Westbrook,JAX,WR,23,Oklahoma,Big 12,13,0,0,0,0,0,0,0,0,0,10,101,10.1,0,2016,80,1524,19.1,17,90,1625,18.1,17
2017,117,Josh Reynolds,LAR,WR,22,Texas A&M,SEC,13,0,0,0,0,0,0,0,0,0,0,0,0,0,2016,61,1039,17,12,61,1039,17,12
2017,118,Mack Hollins,PHI,WR,23,North Carolina,ACC,14,0,0,0,0,0,0,0,0,0,0,0,0,0,2015,30,745,24.8,8,30,745,24.8,8
2017,128,Josh Malone,CIN,WR,21,Tennessee,SEC,13,0,0,0,0,0,0,0,0,0,0,0,0,0,2016,50,972,19.4,11,50,972,19.4,11
2017,133,Ryan Switzer,DAL,WR,22,North Carolina,ACC,13,0,0,0,0,0,0,0,0,0,3,14,4.7,0,2016,96,1112,11.6,6,99,1126,11.4,6
2017,139,Jehu Chesson,KAN,WR,23,Michigan,Big Ten,13,0,0,0,0,0,0,0,0,0,12,63,5.3,1,2016,35,500,14.3,2,47,563,12,3
2017,141,Chad Hansen,NYJ,WR,22,California,Pac-12,10,0,0,0,0,0,0,0,0,0,0,0,0,0,2016,92,1249,13.6,11,92,1249,13.6,11
2017,166,Shelton Gibson,PHI,WR,23,West Virginia,Big 12,13,0,0,0,0,0,0,0,0,0,2,29,14.5,0,2016,43,951,22.1,8,45,980,21.8,8
2017,170,Rodney Adams,MIN,WR,22,South Florida,American,13,0,0,0,0,0,0,0,0,0,23,231,10,5,2016,67,822,12.3,5,90,1053,11.7,10
2017,172,Isaiah McKenzie,DEN,WR,22,Georgia,SEC,13,0,0,0,0,0,0,0,0,0,19,134,7.1,2,2016,44,633,14.4,7,63,767,12.2,9
2017,175,DeAngelo Yancey,GNB,WR,22,Purdue,Big Ten,12,0,0,0,0,0,0,0,0,0,0,0,0,0,2016,49,951,19.4,10,49,951,19.4,10
2017,177,Trent Taylor,SFO,WR,23,Louisiana Tech,CUSA,14,0,0,0,0,0,0,0,0,0,0,0,0,0,2016,136,1803,13.3,12,136,1803,13.3,12
2017,209,Robert Davis,WAS,WR,22,Georgia State,Sun Belt,12,0,0,0,0,0,0,0,0,0,0,0,0,0,2016,67,968,14.4,5,67,968,14.4,5
2017,219,Stacy Coley,MIN,WR,23,Miami (FL),ACC,13,0,0,0,0,0,0,0,0,0,0,0,0,0,2016,63,754,12,9,63,754,12,9
2017,226,David Moore,SEA,WR,22,,,,,,,,,,,,,,,,,,,,,,,,,
2017,237,Isaiah Ford,MIA,WR,21,Virginia Tech,ACC,14,0,0,0,0,0,0,0,0,0,6,33,5.5,0,2016,79,1094,13.8,7,85,1127,13.3,7
2017,239,Noah Brown,DAL,WR,21,Ohio State,Big Ten,13,0,0,0,0,0,0,0,0,0,0,0,0,0,2016,32,402,12.6,7,32,402,12.6,7
2017,247,Malachi Dupre,GNB,WR,21,LSU,SEC,12,0,0,0,0,0,0,0,0,0,0,0,0,0,2016,41,593,14.5,3,41,593,14.5,3
2018,24,D.J. Moore,CAR,WR,21,Maryland,Big Ten,12,0,0,0,0,0,0,0,0,0,5,61,12.2,1,2017,80,1033,12.9,8,85,1094,12.9,9
2018,26,Calvin Ridley,ATL,WR,23,Alabama,SEC,14,0,0,0,0,0,0,0,0,0,2,17,8.5,0,2017,63,967,15.3,5,65,984,15.1,5
2018,40,Courtland Sutton,DEN,WR,22,SMU,American,13,0,0,0,0,0,0,0,0,0,1,2,2,1,2017,68,1085,16,12,69,1087,15.8,13
2018,44,Dante Pettis,SFO,WR,22,Washington,Pac-12,13,0,0,0,0,0,0,0,0,0,3,50,16.7,0,2017,63,761,12.1,7,66,811,12.3,7
2018,47,Christian Kirk,ARI,WR,21,Texas A&M,SEC,13,0,0,0,0,0,0,0,0,0,4,31,7.8,0,2017,71,919,12.9,10,75,950,12.7,10
2018,51,Anthony Miller,CHI,WR,23,Memphis,American,13,0,0,0,0,0,0,0,0,0,10,25,2.5,0,2017,96,1462,15.2,18,106,1487,14,18
2018,60,James Washington,PIT,WR,22,Oklahoma State,Big 12,13,0,0,0,0,0,0,0,0,0,3,12,4,1,2017,74,1549,20.9,13,77,1561,20.3,14
2018,61,DJ Chark,JAX,WR,21,LSU,SEC,13,0,0,0,0,0,0,0,0,0,12,63,5.3,1,2017,40,874,21.9,3,52,937,18,4
2018,81,Michael Gallup,DAL,WR,22,Colorado State,MWC,13,0,0,0,0,0,0,0,0,0,0,0,0,0,2017,100,1413,14.1,7,100,1413,14.1,7
2018,91,Tre'Quan Smith,NOR,WR,22,UCF,American,13,0,0,0,0,0,0,0,0,0,5,23,4.6,1,2017,59,1171,19.8,13,64,1194,18.7,14
2018,103,Keke Coutee,HOU,WR,21,Texas Tech,Big 12,13,0,0,0,0,0,0,0,0,0,5,15,3,0,2017,93,1429,15.4,10,98,1444,14.7,10
2018,105,Antonio Callaway,CLE,WR,21,Florida,SEC,12,0,0,0,0,0,0,0,0,0,5,32,6.4,1,2016,54,721,13.4,3,59,753,12.8,4
2018,113,DaeSean Hamilton,DEN,WR,23,Penn State,Big Ten,13,0,0,0,0,0,0,0,0,0,1,2,2,0,2017,53,857,16.2,9,54,859,15.9,9
2018,132,Jaleel Scott,BAL,WR,23,New Mexico State,Sun Belt,13,0,0,0,0,0,0,0,0,0,0,0,0,0,2017,76,1079,14.2,9,76,1079,14.2,9
2018,133,J'Mon Moore,GNB,WR,23,Missouri,SEC,13,0,0,0,0,0,0,0,0,0,0,0,0,0,2017,65,1082,16.6,10,65,1082,16.6,10
2018,144,Justin Watson,TAM,WR,22,,,,,,,,,,,,,,,,,,,,,,,,,
2018,159,Daurice Fountain,IND,WR,22,,,,,,,,,,,,,,,,,,,,,,,,,
2018,162,Jordan Lasley,BAL,WR,21,UCLA,Pac-12,9,0,0,0,0,0,0,0,0,0,4,-6,-1.5,0,2017,69,1264,18.3,9,73,1258,17.2,9
2018,174,Marquez Valdes-Scantling,GNB,WR,23,South Florida,American,12,0,0,0,0,0,0,0,0,0,8,108,13.5,1,2017,53,879,16.6,6,61,987,16.2,7
2018,175,Damion Ratley,CLE,WR,23,Texas A&M,SEC,13,0,0,0,0,0,0,0,0,0,0,0,0,0,2017,30,694,23.1,6,30,694,23.1,6
2018,185,Deon Cain,IND,WR,22,Clemson,ACC,14,0,0,0,0,0,0,0,0,0,0,0,0,0,2017,58,734,12.7,6,58,734,12.7,6
2018,187,Ray-Ray McCloud,BUF,WR,21,Clemson,ACC,14,0,0,0,0,0,0,0,0,0,6,30,5,0,2017,49,503,10.3,1,55,533,9.7,1
2018,191,Dylan Cantrell,LAC,WR,24,Texas Tech,Big 12,13,0,0,0,0,0,0,0,0,0,1,3,3,1,2017,71,816,11.5,7,72,819,11.4,8
2018,194,Russell Gage,ATL,WR,22,LSU,SEC,13,,,,,,,,,,28,232,8.3,1,2017,21,285,13.6,3,49,517,10.6,4
2018,196,Tremon Smith,KAN,WR,22,,,,,,,,,,,,,,,,,,,,,,,,,
2018,207,Equanimeous St. Brown,GNB,WR,21,Notre Dame,Ind,13,0,0,0,0,0,0,0,0,0,0,0,0,0,2017,33,515,15.6,4,33,515,15.6,4
2018,208,Cedrick Wilson Jr.,DAL,WR,22,Boise State,MWC,14,0,0,0,0,0,0,0,0,0,9,13,1.4,0,2017,83,1511,18.2,7,92,1524,16.6,7
2018,210,Braxton Berrios,NWE,WR,22,Miami (FL),ACC,13,0,0,0,0,0,0,0,0,0,0,0,0,0,2017,55,679,12.3,9,55,679,12.3,9
2018,224,Javon Wims,CHI,WR,23,Georgia,SEC,15,0,0,0,0,0,0,0,0,0,0,0,0,0,2017,45,720,16,7,45,720,16,7
2018,228,Marcell Ateman,OAK,WR,23,Oklahoma State,Big 12,13,0,0,0,0,0,0,0,0,0,0,0,0,0,2017,59,1156,19.6,8,59,1156,19.6,8
2018,240,Richie James,SFO,WR,23,Middle Tennessee State,CUSA,5,0,0,0,0,0,0,0,0,0,10,57,5.7,0,2017,31,290,9.4,3,41,347,8.5,3
2018,253,Auden Tate,CIN,WR,21,Florida State,ACC,12,0,0,0,0,0,0,0,0,0,0,0,0,0,2017,40,548,13.7,10,40,548,13.7,10
2018,255,Austin Proehl,BUF,WR,22,North Carolina,ACC,13,0,0,0,0,0,0,0,0,0,0,0,0,0,2016,43,597,13.9,3,43,597,13.9,3
2018,256,Trey Quinn,WAS,WR,22,SMU,American,13,0,0,0,0,0,0,0,0,0,1,0,0,0,2017,114,1236,10.8,13,115,1236,10.7,13
2019,25,Marquise Brown,BAL,WR,22,Oklahoma,Big 12,14,0,0,0,0,0,0,0,0,0,2,0,0,0,2018,75,1318,17.6,10,77,1318,17.1,10
2019,32,N'Keal Harry,NWE,WR,21,Arizona State,Pac-12,12,0,0,0,0,0,0,0,0,0,7,10,1.4,1,2018,73,1088,14.9,9,80,1098,13.7,10
2019,36,Deebo Samuel,SFO,WR,23,South Carolina,SEC,12,0,0,0,0,0,0,0,0,0,8,26,3.3,0,2018,62,882,14.2,11,70,908,13,11
2019,51,A.J. Brown,TEN,WR,22,Ole Miss,SEC,12,0,0,0,0,0,0,0,0,0,0,0,0,0,2018,85,1320,15.5,6,85,1320,15.5,6
2019,56,Mecole Hardman,KAN,WR,21,Georgia,SEC,14,0,0,0,0,0,0,0,0,0,5,36,7.2,0,2018,34,532,15.6,7,39,568,14.6,7
2019,57,JJ Arcega-Whiteside,PHI,WR,22,Stanford,Pac-12,12,0,0,0,0,0,0,0,0,0,0,0,0,0,2018,63,1059,16.8,14,63,1059,16.8,14
2019,59,Parris Campbell,IND,WR,22,Ohio State,Big Ten,14,0,0,0,0,0,0,0,0,0,9,24,2.7,0,2018,90,1063,11.8,12,99,1087,11,12
2019,62,Andy Isabella,ARI,WR,22,Massachusetts,Ind,12,0,0,0,0,0,0,0,0,0,11,79,7.2,1,2018,102,1698,16.6,13,113,1777,15.7,14
2019,64,D.K. Metcalf,SEA,WR,21,Ole Miss,SEC,7,0,0,0,0,0,0,0,0,0,0,0,0,0,2018,26,569,21.9,5,26,569,21.9,5
2019,66,Diontae Johnson,PIT,WR,23,Toledo,MAC,13,0,0,0,0,0,0,0,0,0,2,17,8.5,0,2018,49,761,15.5,8,51,778,15.3,8
2019,67,Jalen Hurd,SFO,WR,23,Tennessee,SEC,7,0,0,0,0,0,0,0,0,0,122,451,3.7,3,2016,10,81,8.1,2,132,532,4,5
2019,76,Terry McLaurin,WAS,WR,23,Ohio State,Big Ten,14,0,0,0,0,0,0,0,0,0,0,0,0,0,2018,35,701,20,11,35,701,20,11
2019,93,Miles Boykin,BAL,WR,22,Notre Dame,Ind,13,0,0,0,0,0,0,0,0,0,0,0,0,0,2018,59,872,14.8,8,59,872,14.8,8
2019,103,Hakeem Butler,ARI,WR,23,Iowa State,Big 12,13,0,0,0,0,0,0,0,0,0,0,0,0,0,2018,60,1318,22,9,60,1318,22,9
2019,120,Gary Jennings Jr,SEA,WR,22,West Virginia,Big 12,11,0,0,0,0,0,0,0,0,0,0,0,0,0,2018,54,917,17,13,54,917,17,13
2019,126,Riley Ridley,CHI,WR,23,Georgia,SEC,14,0,0,0,0,0,0,0,0,0,0,0,0,0,2018,44,570,13,9,44,570,13,9
2019,149,Hunter Renfrow,OAK,WR,23,Clemson,ACC,15,0,0,0,0,0,0,0,0,0,0,0,0,0,2018,49,544,11.1,1,49,544,11.1,1
2019,171,Darius Slayton,NYG,WR,22,Auburn,SEC,12,0,0,0,0,0,0,0,0,0,0,0,0,0,2018,35,670,19.1,5,35,670,19.1,5
2019,174,KeeSean Johnson,ARI,WR,22,Fresno State,MWC,14,0,0,0,0,0,0,0,0,0,4,14,3.5,0,2018,95,1340,14.1,8,99,1354,13.7,8
2019,184,Travis Fulgham,DET,WR,23,Old Dominion,CUSA,12,0,0,0,0,0,0,0,0,0,0,0,0,0,2018,63,1083,17.2,9,63,1083,17.2,9
2019,187,Juwann Winfree,DEN,WR,23,Colorado,Pac-12,8,0,0,0,0,0,0,0,0,0,0,0,0,0,2018,28,324,11.6,2,28,324,11.6,2
2019,203,Marcus Green,ATL,WR,23,Louisiana-Monroe,Sun Belt,12,0,0,0,0,0,0,0,0,0,20,193,9.7,1,2018,50,855,17.1,8,70,1048,15,9
2019,206,Kelvin Harmon,WAS,WR,22,North Carolina State,ACC,12,0,0,0,0,0,0,0,0,0,0,0,0,0,2018,81,1186,14.6,7,81,1186,14.6,7
2019,208,Scott Miller,TAM,WR,22,Bowling Green State,MAC,11,0,0,0,0,0,0,0,0,0,4,16,4,0,2018,71,1148,16.2,9,75,1164,15.5,9
2019,236,John Ursua,SEA,WR,25,Hawaii,MWC,13,0,0,0,0,0,0,0,0,0,2,4,2,1,2018,89,1343,15.1,16,91,1347,14.8,17
2019,237,Terry Godwin,CAR,WR,22,Georgia,SEC,15,0,0,0,0,0,0,0,0,0,0,0,0,0,2017,38,639,16.8,6,38,639,16.8,6
2019,239,Dillon Mitchell,MIN,WR,22,Oregon,Pac-12,13,0,0,0,0,0,0,0,0,0,1,5,5,0,2018,75,1184,15.8,10,76,1189,15.6,10
2019,247,Olabisi Johnson,MIN,WR,22,Colorado State,MWC,11,0,0,0,0,0,0,0,0,0,0,0,0,0,2018,54,796,14.7,4,54,796,14.7,4
2020,12,Henry Ruggs III,LVR,WR,21,Alabama,SEC,12,0,0,0,0,0,0,0,0,0,2,75,37.5,1,2019,40,746,18.7,7,42,821,19.5,8
2020,15,Jerry Jeudy,DEN,WR,21,Alabama,SEC,13,0,0,0,0,0,0,0,0,0,1,1,1,0,2019,77,1163,15.1,10,78,1164,14.9,10
2020,17,CeeDee Lamb,DAL,WR,21,Oklahoma,Big 12,13,0,0,0,0,0,0,0,0,0,9,20,2.2,1,2019,62,1327,21.4,14,71,1347,19,15
2020,21,Jalen Reagor,PHI,WR,21,TCU,Big 12,12,0,0,0,0,0,0,0,0,0,14,89,6.4,0,2019,43,611,14.2,5,57,700,12.3,5
2020,22,Justin Jefferson,MIN,WR,21,LSU,SEC,15,0,0,0,0,0,0,0,0,0,0,0,0,0,2019,111,1540,13.9,18,111,1540,13.9,18
2020,25,Brandon Aiyuk,SFO,WR,22,Arizona State,Pac-12,12,0,0,0,0,0,0,0,0,0,1,6,6,0,2019,65,1192,18.3,8,66,1198,18.2,8
2020,33,Tee Higgins,CIN,WR,21,Clemson,ACC,15,0,0,0,0,0,0,0,0,0,1,36,36,1,2019,59,1167,19.8,13,60,1203,20.1,14
2020,34,Michael Pittman Jr.,IND,WR,22,USC,Pac-12,13,0,0,0,0,0,0,0,0,0,0,0,0,0,2019,101,1275,12.6,11,101,1275,12.6,11
2020,42,Laviska Shenault Jr.,JAX,WR,21,Colorado,Pac-12,11,0,0,0,0,0,0,0,0,0,23,161,7,2,2019,56,764,13.6,4,79,925,11.7,6
2020,46,KJ Hamler,DEN,WR,21,Penn State,Big Ten,13,0,0,0,0,0,0,0,0,0,13,43,3.3,0,2019,56,904,16.1,8,69,947,13.7,8
2020,49,Chase Claypool,PIT,WR,22,Notre Dame,Ind,13,0,0,0,0,0,0,0,0,0,0,0,0,0,2019,66,1037,15.7,13,66,1037,15.7,13
2020,57,Van Jefferson,LAR,WR,24,Florida,SEC,13,0,0,0,0,0,0,0,0,0,1,7,7,0,2019,49,657,13.4,6,50,664,13.3,6
2020,59,Denzel Mims,NYJ,WR,22,Baylor,Big 12,14,0,0,0,0,0,0,0,0,0,0,0,0,0,2019,66,1020,15.5,12,66,1020,15.5,12
2020,80,Lynn Bowden Jr.,LVR,WR,22,Kentucky,SEC,13,0,0,0,0,0,0,0,0,0,185,1468,7.9,13,2019,30,348,11.6,1,215,1816,8.4,14
2020,81,Bryan Edwards,LVR,WR,21,South Carolina,SEC,10,0,0,0,0,0,0,0,0,0,2,22,11,0,2019,71,816,11.5,6,73,838,11.5,6
2020,92,Devin Duvernay,BAL,WR,22,Texas,Big 12,13,0,0,0,0,0,0,0,0,0,10,24,2.4,1,2019,106,1386,13.1,9,116,1410,12.2,10
2020,128,Gabriel Davis,BUF,WR,21,UCF,American,12,0,0,0,0,0,0,0,0,0,0,0,0,0,2019,72,1241,17.2,12,72,1241,17.2,12
2020,142,Antonio Gandy-Golden,WAS,WR,22,Liberty,Ind,13,0,0,0,0,0,0,0,0,0,0,0,0,0,2019,79,1396,17.7,10,79,1396,17.7,10
2020,151,Joe Reed,LAC,WR,22,Virginia,ACC,13,0,0,0,0,0,0,0,0,0,8,42,5.3,0,2019,77,679,8.8,7,85,721,8.5,7
2020,161,Tyler Johnson,TAM,WR,22,Minnesota,Big Ten,11,0,0,0,0,0,0,0,0,0,0,0,0,0,2019,72,1107,15.4,10,72,1107,15.4,10
2020,165,Collin Johnson,JAX,WR,22,Texas,Big 12,7,0,0,0,0,0,0,0,0,0,0,0,0,0,2019,38,559,14.7,3,38,559,14.7,3
2020,166,Quintez Cephus,DET,WR,22,Wisconsin,Big Ten,14,0,0,0,0,0,0,0,0,0,0,0,0,0,2019,59,901,15.3,7,59,901,15.3,7
2020,168,John Hightower,PHI,WR,24,Boise State,MWC,14,0,0,0,0,0,0,0,0,0,16,154,9.6,0,2019,51,943,18.5,8,67,1097,16.4,8
2020,171,Isaiah Coulter,HOU,WR,21,,,,,,,,,,,,,,,,,,,,,,,,,
2020,173,Darnell Mooney,CHI,WR,22,Tulane,American,13,0,0,0,0,0,0,0,0,0,0,0,0,0,2019,48,713,14.9,5,48,713,14.9,5
2020,176,K.J. Osborn,MIN,WR,23,Miami (FL),ACC,13,0,0,0,0,0,0,0,0,0,5,15,3,0,2019,50,547,10.9,5,55,562,10.2,5
2020,187,Donovan Peoples-Jones,CLE,WR,21,Michigan,Big Ten,11,0,0,0,0,0,0,0,0,0,2,-7,-3.5,0,2019,34,438,12.9,6,36,431,12,6
2020,200,Quez Watkins,PHI,WR,22,Southern Mississippi,CUSA,12,0,0,0,0,0,0,0,0,0,1,1,1,0,2019,64,1178,18.4,6,65,1179,18.1,6
2020,201,James Proche,BAL,WR,23,SMU,American,13,0,0,0,0,0,0,0,0,0,4,18,4.5,0,2019,111,1225,11,15,115,1243,10.8,15
2020,207,Isaiah Hodgins,BUF,WR,21,Oregon State,Pac-12,12,0,0,0,0,0,0,0,0,0,0,0,0,0,2019,86,1171,13.6,13,86,1171,13.6,13
2020,212,Dezmon Patmon,IND,WR,22,Washington State,Pac-12,13,0,0,0,0,0,0,0,0,0,0,0,0,0,2019,58,762,13.1,8,58,762,13.1,8
2020,214,Freddie Swain,SEA,WR,22,Florida,SEC,12,0,0,0,0,0,0,0,0,0,4,27,6.8,0,2019,38,517,13.6,7,42,544,13,7
2020,217,Jauan Jennings,SFO,WR,23,Tennessee,SEC,13,0,0,0,0,0,0,0,0,0,13,51,3.9,1,2019,59,969,16.4,8,72,1020,14.2,9
2020,220,K.J. Hill,LAC,WR,22,Ohio State,Big Ten,14,0,0,0,0,0,0,0,0,0,1,1,1,0,2019,57,636,11.2,10,58,637,11,10
2020,252,Tyrie Cleveland,DEN,WR,22,Florida,SEC,13,0,0,0,0,0,0,0,0,0,0,0,0,0,2019,25,351,14,1,25,351,14,1
2021,5,Ja'Marr Chase,CIN,WR,21,LSU,SEC,14,0,0,0,0,0,0,0,0,0,1,5,5,0,2019,84,1780,21.2,20,85,1785,21,20
2021,6,Jaylen Waddle,MIA,WR,22,Alabama,SEC,6,0,0,0,0,0,0,0,0,0,3,12,4,0,2020,28,591,21.1,4,31,603,19.5,4
2021,10,DeVonta Smith,PHI,WR,22,Alabama,SEC,13,0,0,0,0,0,0,0,0,0,4,6,1.5,1,2020,117,1856,15.9,23,121,1862,15.4,24
2021,20,Kadarius Toney,NYG,WR,22,Florida,SEC,11,0,0,0,0,0,0,0,0,0,19,161,8.5,1,2020,70,984,14.1,10,89,1145,12.9,11
2021,27,Rashod Bateman,BAL,WR,21,Minnesota,Big Ten,5,0,0,0,0,0,0,0,0,0,0,0,0,0,2020,36,472,13.1,2,36,472,13.1,2
2021,34,Elijah Moore,NYJ,WR,21,Ole Miss,SEC,8,0,0,0,0,0,0,0,0,0,14,64,4.6,0,2020,86,1193,13.9,8,100,1257,12.6,8
2021,49,Rondale Moore,ARI,WR,21,Purdue,Big Ten,3,0,0,0,0,0,0,0,0,0,6,32,5.3,1,2020,35,270,7.7,0,41,302,7.4,1
2021,56,D'Wayne Eskridge,SEA,WR,24,Western Michigan,MAC,6,0,0,0,0,0,0,0,0,0,1,27,27,0,2020,34,784,23.1,8,35,811,23.2,8
2021,57,Tutu Atwell,LAR,WR,21,Louisville,ACC,9,0,0,0,0,0,0,0,0,0,2,-2,-1,1,2020,46,625,13.6,7,48,623,13,8
2021,59,Terrace Marshall Jr.,CAR,WR,21,LSU,SEC,7,0,0,0,0,0,0,0,0,0,0,0,0,0,2020,48,731,15.2,10,48,731,15.2,10
2021,77,Josh Palmer,LAC,WR,21,Tennessee,SEC,10,0,0,0,0,0,0,0,0,0,0,0,0,0,2020,33,475,14.4,4,33,475,14.4,4
2021,82,Dyami Brown,WAS,WR,21,North Carolina,ACC,11,0,0,0,0,0,0,0,0,0,0,0,0,0,2020,55,1099,20,8,55,1099,20,8
2021,85,Amari Rodgers,GNB,WR,21,Clemson,ACC,12,0,0,0,0,0,0,0,0,0,0,0,0,0,2020,77,1020,13.2,7,77,1020,13.2,7
2021,89,Nico Collins,HOU,WR,22,Michigan,Big Ten,12,0,0,0,0,0,0,0,0,0,0,0,0,0,2019,37,729,19.7,7,37,729,19.7,7
2021,91,Anthony Schwartz,CLE,WR,21,Auburn,SEC,10,0,0,0,0,0,0,0,0,0,4,-6,-1.5,0,2020,54,636,11.8,3,58,630,10.9,3
2021,109,Dez Fitzpatrick,TEN,WR,23,Louisville,ACC,11,0,0,0,0,0,0,0,0,0,0,0,0,0,2020,43,833,19.4,3,43,833,19.4,3
2021,112,Amon-Ra St. Brown,DET,WR,21,USC,Pac-12,6,0,0,0,0,0,0,0,0,0,0,0,0,0,2020,41,478,11.7,7,41,478,11.7,7
2021,129,Jaelon Darden,TAM,WR,22,North Texas,CUSA,9,0,0,0,0,0,0,0,0,0,1,-3,-3,0,2020,74,1190,16.1,19,75,1187,15.8,19
2021,131,Tylan Wallace,BAL,WR,22,Oklahoma State,Big 12,10,0,0,0,0,0,0,0,0,0,1,7,7,0,2020,59,922,15.6,6,60,929,15.5,6
2021,141,Jacob Harris,LAR,WR,24,UCF,American,10,0,0,0,0,0,0,0,0,0,0,0,0,0,2020,30,539,18,8,30,539,18,8
2021,157,Ihmir Smith-Marsette,MIN,WR,22,Iowa,Big Ten,7,0,0,0,0,0,0,0,0,0,7,54,7.7,1,2020,25,345,13.8,3,32,399,12.5,4
2021,179,Simi Fehoko,DAL,WR,23,Stanford,Pac-12,6,0,0,0,0,0,0,0,0,0,1,-1,-1,0,2020,37,574,15.5,3,38,573,15.1,3
2021,181,Cornell Powell,KAN,WR,23,Clemson,ACC,12,0,0,0,0,0,0,0,0,0,0,0,0,0,2020,53,882,16.6,7,53,882,16.6,7
2021,187,Frank Darby,ATL,WR,23,Arizona State,Pac-12,13,0,0,0,0,0,0,0,0,0,0,0,0,0,2019,31,616,19.9,8,31,616,19.9,8
2021,203,Marquez Stevenson,BUF,WR,23,Houston,American,5,0,0,0,0,0,0,0,0,0,3,16,5.3,0,2020,20,307,15.4,4,23,323,14,4
2021,204,Shi Smith,CAR,WR,22,South Carolina,SEC,9,0,0,0,0,0,0,0,0,0,6,6,1,0,2020,57,633,11.1,4,63,639,10.1,4
2021,205,Racey McMath,TEN,WR,22,,,,,,,,,,,,,,,,,,,,,,,,,
2021,209,Jalen Camp,JAX,WR,23,Georgia Tech,ACC,10,0,0,0,0,0,0,0,0,0,0,0,0,0,2020,29,439,15.1,4,29,439,15.1,4
2021,219,Seth Williams,DEN,WR,21,Auburn,SEC,11,0,0,0,0,0,0,0,0,0,0,0,0,0,2020,47,760,16.2,4,47,760,16.2,4
2021,221,Dazz Newsome,CHI,WR,22,North Carolina,ACC,12,0,0,0,0,0,0,0,0,0,2,21,10.5,1,2020,54,684,12.7,6,56,705,12.6,7
2021,229,Mike Strachan,IND,WR,24,,,,,,,,,,,,,,,,,,,,,,,,,
2021,242,Tre Nixon,NWE,WR,23,UCF,American,4,0,0,0,0,0,0,0,0,0,0,0,0,0,2020,19,260,13.7,2,19,260,13.7,2
2021,249,Ben Skowronek,LAR,WR,24,Notre Dame,ACC,11,0,0,0,0,0,0,0,0,0,2,17,8.5,1,2020,29,439,15.1,5,31,456,14.7,6
2021,255,Kawaan Baker,NOR,WR,23,South Alabama,Sun Belt,11,0,0,0,0,0,0,0,0,0,13,42,3.2,0,2020,51,659,12.9,8,64,701,11,8
2021,258,Dax Milne,WAS,WR,22,Brigham Young,Ind,12,0,0,0,0,0,0,0,0,0,11,67,6.1,0,2020,70,1188,17,8,81,1255,15.5,8
2022,8,Drake London,ATL,WR,21,USC,Pac-12,8,0,0,0,0,0,0,0,0,0,1,2,2,0,2021,88,1084,12.3,7,89,1086,12.2,7
2022,10,Garrett Wilson,NYJ,WR,22,Ohio State,Big Ten,11,0,0,0,0,0,0,0,0,0,4,76,19,1,2021,70,1058,15.1,12,74,1134,15.3,13
2022,11,Chris Olave,NOR,WR,22,Ohio State,Big Ten,12,0,0,0,0,0,0,0,0,0,0,0,0,0,2021,65,936,14.4,13,65,936,14.4,13
2022,12,Jameson Williams,DET,WR,21,Alabama,SEC,15,0,0,0,0,0,0,0,0,0,3,23,7.7,0,2021,79,1572,19.9,15,82,1595,19.5,15
2022,16,Jahan Dotson,WAS,WR,22,Penn State,Big Ten,12,0,0,0,0,0,0,0,0,0,6,18,3,1,2021,91,1182,13,12,97,1200,12.4,13
2022,18,Treylon Burks,TEN,WR,22,Arkansas,SEC,12,0,0,0,0,0,0,0,0,0,14,112,8,1,2021,66,1104,16.7,11,80,1216,15.2,12
2022,34,Christian Watson,GNB,WR,23,North Dakota State,MAC,12,,,,,,,,,,15,114,7.6,1,2021,43,801,18.6,7,58,915,15.8,8
2022,43,Wan'Dale Robinson,NYG,WR,21,Nebraska,Big Ten,10,0,0,0,0,0,0,0,0,0,88,340,3.9,3,2019,40,453,11.3,2,128,793,6.2,5
2022,44,John Metchie,HOU,WR,22,Alabama,SEC,13,0,0,0,0,0,0,0,0,0,1,8,8,0,2021,96,1142,11.9,8,97,1150,11.9,8
2022,50,Tyquan Thornton,NWE,WR,22,Baylor,Big 12,14,0,0,0,0,0,0,0,0,0,1,-11,-11,0,2021,62,948,15.3,10,63,937,14.9,10
2022,52,George Pickens,PIT,WR,21,Georgia,SEC,8,0,0,0,0,0,0,0,0,0,0,0,0,0,2020,36,513,14.3,6,36,513,14.3,6
2022,53,Alec Pierce,IND,WR,22,Cincinnati,American,14,0,0,0,0,0,0,0,0,0,0,0,0,0,2021,52,884,17,7,52,884,17,7
2022,54,Skyy Moore,KAN,WR,21,Western Michigan,MAC,12,0,0,0,0,0,0,0,0,0,1,10,10,0,2021,95,1292,13.6,9,96,1302,13.6,9
2022,71,Velus Jones Jr.,CHI,WR,25,Tennessee,SEC,13,0,0,0,0,0,0,0,0,0,1,15,15,0,2021,62,807,13,7,63,822,13,7
2022,88,Jalen Tolbert,DAL,WR,23,South Alabama,Sun Belt,12,0,0,0,0,0,0,0,0,0,0,0,0,0,2021,82,1474,18,8,82,1474,18,8
2022,99,David Bell,CLE,WR,21,Purdue,Big Ten,11,0,0,0,0,0,0,0,0,0,3,39,13,0,2021,93,1286,13.8,6,96,1325,13.8,6
2022,105,Danny Gray,SFO,WR,23,SMU,American,10,0,0,0,0,0,0,0,0,0,3,40,13.3,0,2021,49,803,16.4,9,52,843,16.2,9
2022,125,Erik Ezukanma,MIA,WR,22,Texas Tech,Big 12,11,0,0,0,0,0,0,0,0,0,10,138,13.8,2,2021,48,705,14.7,4,58,843,14.5,6
2022,132,Romeo Doubs,GNB,WR,22,Nevada,MWC,11,0,0,0,0,0,0,0,0,0,1,4,4,0,2021,80,1109,13.9,11,81,1113,13.7,11
2022,138,Calvin Austin,PIT,WR,23,Memphis,American,12,0,0,0,0,0,0,0,0,0,1,69,69,1,2021,74,1149,15.5,8,75,1218,16.2,9
2022,148,Khalil Shakir,BUF,WR,22,Boise State,MWC,12,0,0,0,0,0,0,0,0,0,21,130,6.2,0,2021,77,1117,14.5,7,98,1247,12.7,7
2022,162,Montrell Washington,DEN,WR,23,,,,,,,,,,,,,,,,,,,,,,,,,
2022,163,Kyle Philips,TEN,WR,23,UCLA,Pac-12,11,0,0,0,0,0,0,0,0,0,0,0,0,0,2021,59,739,12.5,10,59,739,12.5,10
2022,191,Jalen Nailor,MIN,WR,23,Michigan State,Big Ten,9,0,0,0,0,0,0,0,0,0,1,-3,-3,0,2021,37,694,18.8,6,38,691,18.2,6
2022,202,Michael Woods II,CLE,WR,22,Oklahoma,Big 12,11,0,0,0,0,0,0,0,0,0,1,2,2,0,2021,35,400,11.4,2,36,402,11.2,2
2022,229,Bo Melton,SEA,WR,23,Rutgers,Big Ten,11,0,0,0,0,0,0,0,0,0,9,51,5.7,0,2021,55,618,11.2,3,64,669,10.5,3
2022,233,Dareke Young,SEA,WR,23,,,,,,,,,,,,,,,,,,,,,,,,,
2022,258,Samori Toure,GNB,WR,24,Nebraska,Big Ten,12,0,0,0,0,0,0,0,0,0,8,63,7.9,1,2021,46,898,19.5,5,54,961,17.8,6
2023,20,Jaxon Smith-Njigba,SEA,WR,21,Ohio State,Big Ten,13,0,0,0,0,0,0,0,0,0,0,0,0,0,2021,95,1606,16.9,9,95,1606,16.9,9
2023,21,Quentin Johnston,LAC,WR,22,TCU,Big 12,14,0,0,0,0,0,0,0,0,0,3,-7,-2.3,0,2022,60,1069,17.8,6,63,1062,16.9,6
2023,22,Zay Flowers,BAL,WR,22,Boston College,ACC,12,0,0,0,0,0,0,0,0,0,12,40,3.3,0,2022,78,1077,13.8,12,90,1117,12.4,12
2023,23,Jordan Addison,MIN,WR,21,USC,Pac-12,11,0,0,0,0,0,0,0,0,0,4,33,8.3,0,2022,59,875,14.8,8,63,908,14.4,8
2023,39,Jonathan Mingo,CAR,WR,22,Ole Miss,SEC,13,0,0,0,0,0,0,0,0,0,4,-7,-1.8,1,2022,51,861,16.9,5,55,854,15.5,6
2023,50,Jayden Reed,GNB,WR,23,Michigan State,Big Ten,11,0,0,0,0,0,0,0,0,0,4,11,2.8,0,2022,55,636,11.6,5,59,647,11,5
2023,55,Rashee Rice,KAN,WR,23,SMU,American,12,0,0,0,0,0,0,0,0,0,0,0,0,0,2022,96,1355,14.1,10,96,1355,14.1,10
2023,63,Marvin Mims,DEN,WR,21,Oklahoma,Big 12,13,0,0,0,0,0,0,0,0,0,2,3,1.5,0,2022,54,1083,20.1,6,56,1086,19.4,6
2023,69,Tank Dell,HOU,WR,23,Houston,American,13,0,0,0,0,0,0,0,0,0,4,9,2.3,0,2022,109,1398,12.8,17,113,1407,12.5,17
2023,73,Jalin Hyatt,NYG,WR,21,Tennessee,SEC,12,0,0,0,0,0,0,0,0,0,1,0,0,0,2022,67,1267,18.9,15,68,1267,18.6,15
2023,74,Cedric Tillman,CLE,WR,23,Tennessee,SEC,6,0,0,0,0,0,0,0,0,0,0,0,0,0,2022,37,417,11.3,3,37,417,11.3,3
2023,79,Josh Downs,IND,WR,22,North Carolina,ACC,11,0,0,0,0,0,0,0,0,0,0,0,0,0,2022,94,1029,10.9,11,94,1029,10.9,11
2023,94,Michael Wilson,ARI,WR,23,Stanford,Pac-12,6,0,0,0,0,0,0,0,0,0,4,47,11.8,0,2022,26,418,16.1,4,30,465,15.5,4
2023,100,Tre Tucker,LVR,WR,22,Cincinnati,American,12,0,0,0,0,0,0,0,0,0,1,8,8,0,2022,52,671,12.9,3,53,679,12.8,3
2023,125,Derius Davis,LAC,WR,22,TCU,Big 12,14,0,0,0,0,0,0,0,0,0,3,30,10,1,2022,42,531,12.6,5,45,561,12.5,6
2023,131,Charlie Jones,CIN,WR,24,Purdue,Big Ten,13,0,0,0,0,0,0,0,0,0,2,3,1.5,0,2022,110,1361,12.4,12,112,1364,12.2,12
2023,133,Tyler Scott,CHI,WR,21,Cincinnati,American,11,0,0,0,0,0,0,0,0,0,0,0,0,0,2022,54,899,16.6,9,54,899,16.6,9
2023,150,Justin Shorter,BUF,WR,23,Florida,SEC,9,0,0,0,0,0,0,0,0,0,0,0,0,0,2022,29,577,19.9,2,29,577,19.9,2
2023,159,Dontayvion Wicks,GNB,WR,22,Virginia,ACC,8,0,0,0,0,0,0,0,0,0,0,0,0,0,2022,30,430,14.3,2,30,430,14.3,2
2023,177,Puka Nacua,LAR,WR,22,Brigham Young,Ind,9,0,0,0,0,0,0,0,0,0,25,209,8.4,5,2022,48,625,13,5,73,834,11.4,10
2023,185,Parker Washington,JAX,WR,21,Penn State,Big Ten,10,0,0,0,0,0,0,0,0,0,2,8,4,0,2022,46,611,13.3,2,48,619,12.9,2
2023,187,Kayshon Boutte,NWE,WR,21,LSU,SEC,11,0,0,0,0,0,0,0,0,0,1,41,41,0,2022,48,538,11.2,2,49,579,11.8,2
2023,191,Trey Palmer,TAM,WR,22,Nebraska,Big Ten,12,0,0,0,0,0,0,0,0,0,5,75,15,0,2022,71,1043,14.7,9,76,1118,14.7,9
2023,195,A.T. Perry,NOR,WR,23,Wake Forest,ACC,13,0,0,0,0,0,0,0,0,0,0,0,0,0,2022,81,1096,13.5,11,81,1096,13.5,11
2023,197,Elijah Higgins,MIA,WR,22,Stanford,Pac-12,12,0,0,0,0,0,0,0,0,0,4,48,12,0,2022,59,704,11.9,2,63,752,11.9,2
2023,205,Xavier Hutchinson,HOU,WR,23,Iowa State,Big 12,12,0,0,0,0,0,0,0,0,0,0,0,0,0,2022,107,1171,10.9,6,107,1171,10.9,6
2023,206,Andrei Iosivas,CIN,WR,23,,,,,,,,,,,,,,,,,,,,,,,,,
2023,210,Demario Douglas,NWE,WR,22,Liberty,Ind,13,0,0,0,0,0,0,0,0,0,5,105,21,1,2022,79,993,12.6,6,84,1098,13.1,7
2023,219,Antoine Green,DET,WR,23,North Carolina,ACC,9,0,0,0,0,0,0,0,0,0,0,0,0,0,2022,43,798,18.6,7,43,798,18.6,7
2023,228,Colton Dowell,TEN,WR,24,,,,,,,,,,,,,,,,,,,,,,,,,
2023,244,Jalen Brooks,DAL,WR,23,South Carolina,SEC,12,0,0,0,0,0,0,0,0,0,4,51,12.8,1,2022,33,504,15.3,1,37,555,15,2
2023,253,Ronnie Bell,SFO,WR,23,Michigan,Big Ten,14,0,0,0,0,0,0,0,0,0,3,23,7.7,1,2022,62,889,14.3,4,65,912,14,5
2023,256,Grant Dubose,GNB,WR,22,Charlotte,CUSA,12,0,0,0,0,0,0,0,0,0,0,0,0,0,2022,64,792,12.4,9,64,792,12.4,9
2024,4,Marvin Harrison,ARI,WR,22,Ohio State,Big Ten,12,0,0,0,0,0,0,0,0,0,2,26,13,1,2023,67,1211,18.1,14,69,1237,17.9,15
2024,6,Malik Nabers,NYG,WR,21,LSU,SEC,13,0,0,0,0,0,0,0,0,0,1,1,1,0,2023,89,1569,17.6,14,90,1570,17.4,14
2024,9,Rome Odunze,CHI,WR,22,Washington,Pac-12,15,0,0,0,0,0,0,0,0,0,2,37,18.5,1,2023,92,1640,17.8,13,94,1677,17.8,14
2024,23,Brian Thomas,JAX,WR,21,LSU,SEC,13,0,0,0,0,0,0,0,0,0,1,-6,-6,0,2023,68,1177,17.3,17,69,1171,17,17
2024,28,Xavier Worthy,KAN,WR,21,Texas,Big 12,14,0,0,0,0,0,0,0,0,0,4,35,8.8,0,2023,75,1014,13.5,5,79,1049,13.3,5
2024,31,Ricky Pearsall,SFO,WR,23,Florida,SEC,12,0,0,0,0,0,0,0,0,0,3,62,20.7,2,2023,65,965,14.8,4,68,1027,15.1,6
2024,32,Xavier Legette,CAR,WR,23,South Carolina,SEC,12,0,0,0,0,0,0,0,0,0,9,-9,-1,0,2023,71,1255,17.7,7,80,1246,15.6,7
2024,33,Keon Coleman,BUF,WR,21,Florida State,ACC,12,0,0,0,0,0,0,0,0,0,1,2,2,0,2023,50,658,13.2,11,51,660,12.9,11
2024,34,Ladd McConkey,LAC,WR,22,Georgia,SEC,9,0,0,0,0,0,0,0,0,0,2,38,19,1,2023,30,478,15.9,2,32,516,16.1,3
2024,37,Ja'Lynn Polk,NWE,WR,22,Washington,Pac-12,15,,,,,,,,,,4,32,8,1,2023,69,1159,16.8,9,73,1191,16.3,10
2024,52,Adonai Mitchell,IND,WR,21,Texas,Big 12,14,0,0,0,0,0,0,0,0,0,2,1,0.5,0,2023,55,845,15.4,11,57,846,14.8,11
2024,65,Malachi Corley,NYJ,WR,22,Western Kentucky,CUSA,12,0,0,0,0,0,0,0,0,0,4,11,2.8,0,2023,79,984,12.5,11,83,995,12,11
2024,80,Jermaine Burton,CIN,WR,23,Alabama,SEC,13,0,0,0,0,0,0,0,0,0,0,0,0,0,2023,39,798,20.5,8,39,798,20.5,8
2024,84,Roman Wilson,PIT,WR,23,Michigan,Big Ten,15,0,0,0,0,0,0,0,0,0,1,10,10,0,2023,48,789,16.4,12,49,799,16.3,12
2024,92,Jalen McMillan,TAM,WR,22,Washington,Pac-12,11,0,0,0,0,0,0,0,0,0,3,30,10,1,2023,45,559,12.4,5,48,589,12.3,6
2024,100,Luke McCaffrey,WAS,WR,23,Nebraska,Big Ten,7,0,0,0,0,0,0,0,0,0,65,364,5.6,3,2020,1,5,5,0,66,369,5.6,3
2024,102,Troy Franklin,DEN,WR,21,Oregon,Pac-12,13,0,0,0,0,0,0,0,0,0,0,0,0,0,2023,81,1383,17.1,14,81,1383,17.1,14
2024,110,Javon Baker,NWE,WR,22,UCF,Big 12,13,0,0,0,0,0,0,0,0,0,0,0,0,0,2023,52,1139,21.9,7,52,1139,21.9,7
2024,113,Devontez Walker,BAL,WR,23,North Carolina,ACC,8,0,0,0,0,0,0,0,0,0,3,23,7.7,0,2023,41,699,17,7,44,722,16.4,7
2024,135,Jacob Cowing,SFO,WR,23,Arizona,Pac-12,13,0,0,0,0,0,0,0,0,0,5,26,5.2,0,2023,90,848,9.4,13,95,874,9.2,13
2024,142,Anthony Gould,IND,WR,23,Oregon State,Pac-12,11,0,0,0,0,0,0,0,0,0,4,22,5.5,0,2023,44,718,16.3,2,48,740,15.4,2
2024,152,Ainias Smith,PHI,WR,23,Texas A&M,SEC,12,0,0,0,0,0,0,0,0,0,5,21,4.2,0,2023,53,795,15,2,58,816,14.1,2
2024,156,Jamari Thrash,CLE,WR,23,Louisville,ACC,12,0,0,0,0,0,0,0,0,0,1,12,12,1,2023,63,858,13.6,6,64,870,13.6,7
2024,170,Bub Means,NOR,WR,23,Pitt,ACC,12,0,0,0,0,0,0,0,0,0,0,0,0,0,2023,41,721,17.6,6,41,721,17.6,6
2024,182,Jha'Quan Jackson,TEN,WR,24,Tulane,American,14,0,0,0,0,0,0,0,0,0,1,8,8,0,2022,33,554,16.8,3,34,562,16.5,3
2024,184,Malik Washington,MIA,WR,23,Virginia,ACC,12,0,0,0,0,0,0,0,0,0,3,7,2.3,0,2023,110,1426,13,9,113,1433,12.7,9
2024,185,Johnny Wilson,PHI,WR,23,Florida State,ACC,10,0,0,0,0,0,0,0,0,0,0,0,0,0,2023,41,617,15,2,41,617,15,2
2024,187,Casey Washington,ATL,WR,23,Illinois,Big Ten,12,0,0,0,0,0,0,0,0,0,0,0,0,0,2023,49,670,13.7,4,49,670,13.7,4
2024,191,Tejhaun Palmer,ARI,WR,24,UAB,American,12,0,0,0,0,0,0,0,0,0,0,0,0,0,2023,47,858,18.3,7,47,858,18.3,7
2024,213,Jordan Whittington,LAR,WR,23,Texas,Big 12,14,0,0,0,0,0,0,0,0,0,3,18,6,0,2023,42,505,12,1,45,523,11.6,1
2024,216,Ryan Flournoy,DAL,WR,24,SEMO,OVC,10,,,,,,,,,,6,49,8.2,1,2023,57,839,14.7,6,63,888,14.1,7
2024,225,Brenden Rice,LAC,WR,22,USC,Pac-12,12,0,0,0,0,0,0,0,0,0,0,0,0,0,2023,45,791,17.6,12,45,791,17.6,12
2024,235,Devaughn Vele,DEN,WR,26,Utah,Pac-12,10,0,0,0,0,0,0,0,0,0,0,0,0,0,2023,43,593,13.8,3,43,593,13.8,3
2024,241,Tahj Washington,MIA,WR,23,USC,Pac-12,13,0,0,0,0,0,0,0,0,0,1,10,10,0,2023,59,1062,18,8,60,1072,17.9,8
2024,253,Cornelius Johnson,LAC,WR,23,Michigan,Big Ten,15,0,0,0,0,0,0,0,0,0,3,40,13.3,0,2023,47,604,12.9,1,50,644,12.9,1