Player,Year,Pick,Tm,FantPos,Age,College/Univ,PPR/G,PPR
Saquon Barkley,2018,2.0,NYG,RB,21,Penn St.,24.1125,385.8
Justin Herbert,2020,6.0,LAC,QB,22,Oregon,22.186666666666667,332.8
Ja'Marr Chase,2021,5.0,CIN,WR,21,LSU,17.91764705882353,304.6
Najee Harris,2021,24.0,PIT,RB,23,Alabama,17.688235294117646,300.7
Puka Nacua,2023,177.0,LAR,WR,22,BYU,17.558823529411764,298.5
Kyler Murray,2019,1.0,ARI,QB,22,Oklahoma,17.83125,285.3
C.J. Stroud,2023,2.0,HOU,QB,22,Ohio St.,18.4,276.0
Justin Jefferson,2020,22.0,MIN,WR,21,LSU,17.1375,274.2
Jonathan Taylor,2020,41.0,IND,RB,21,Wisconsin,16.853333333333335,252.8
James Robinson,2020,,JAX,RB,22,,17.885714285714286,250.4
Bijan Robinson,2023,8.0,ATL,RB,21,Texas,14.488235294117647,246.3
Jaylen Waddle,2021,6.0,MIA,WR,23,Alabama,15.3625,245.8
Jahmyr Gibbs,2023,12.0,DET,RB,21,Alabama,16.14,242.1
Baker Mayfield,2018,1.0,CLE,QB,23,Oklahoma,17.15,240.1
Sam LaPorta,2023,34.0,DET,TE,22,Iowa,14.076470588235296,239.3
Gardner Minshew II,2019,178.0,JAX,QB,23,Washington St.,16.37142857142857,229.2
Amon-Ra St. Brown,2021,112.0,DET,WR,22,USC,13.370588235294118,227.3
Mac Jones,2021,15.0,NWE,QB,23,Alabama,13.229411764705883,224.9
Phillip Lindsay,2018,,DEN,RB,24,,14.853333333333333,222.8
Jordan Addison,2023,23.0,MIN,WR,21,USC,13.01764705882353,221.3
Miles Sanders,2019,53.0,PHI,RB,22,Penn St.,13.66875,218.7
CeeDee Lamb,2020,17.0,DAL,WR,21,Oklahoma,13.60625,217.7
Jayden Reed,2023,50.0,GNB,WR,23,Michigan St.,13.575,217.2
A.J. Brown,2019,51.0,TEN,WR,22,Mississippi,13.56875,217.1
Garrett Wilson,2022,10.0,NYJ,WR,22,Ohio St.,12.688235294117646,215.7
Daniel Jones,2019,6.0,NYG,QB,22,Duke,16.53846153846154,215.0
Chase Claypool,2020,49.0,PIT,WR,22,Notre Dame,13.43125,214.9
Rashee Rice,2023,55.0,KAN,WR,23,SMU,13.28125,212.5
Josh Allen,2018,7.0,BUF,QB,22,Wyoming,17.341666666666665,208.1
Josh Allen,2018,7.0,BUF,QB,22,Kentucky,17.341666666666665,208.1
Calvin Ridley,2018,26.0,ATL,WR,24,Alabama,12.925,206.8
Zay Flowers,2023,22.0,BAL,WR,23,Boston Col.,12.9,206.4
Travis Etienne,2022,25.0,JAX,RB,23,Clemson,12.064705882352941,205.1
Javonte Williams,2021,35.0,DEN,RB,21,North Carolina,12.052941176470588,204.9
Kenneth Walker III,2022,41.0,SEA,RB,22,Michigan St.,13.5,202.5
Antonio Gibson,2020,66.0,WAS,RB,22,Memphis,14.442857142857141,202.2
Trevor Lawrence,2021,1.0,JAX,QB,22,Clemson,11.705882352941176,199.0
Chris Olave,2022,11.0,NOR,WR,22,Ohio St.,13.213333333333333,198.2
Tee Higgins,2020,33.0,CIN,WR,21,Clemson,12.1625,194.6
Nick Chubb,2018,35.0,CLE,RB,23,Georgia,12.15625,194.5
Terry McLaurin,2019,76.0,WAS,WR,24,Ohio St.,13.707142857142857,191.9
Josh Jacobs,2019,24.0,OAK,RB,21,Alabama,14.738461538461538,191.6
De'Von Achane,2023,84.0,MIA,RB,22,Texas A&M,17.336363636363636,190.7
D'Andre Swift,2020,35.0,DET,RB,21,Georgia,14.600000000000001,189.8
Deebo Samuel,2019,36.0,SFO,WR,23,South Carolina,12.606666666666666,189.1
D.K. Metcalf,2019,64.0,SEA,WR,22,Mississippi,11.69375,187.1
DeVonta Smith,2021,10.0,PHI,WR,23,Alabama,10.91764705882353,185.6
Brandon Aiyuk,2020,25.0,SFO,WR,22,Arizona St.,15.375,184.5
Drake London,2022,8.0,ATL,WR,21,USC,10.505882352941176,178.6
Kyle Pitts,2021,4.0,ATL,TE,21,Florida,10.388235294117647,176.6
Clyde Edwards-Helaire,2020,32.0,KAN,RB,21,LSU,13.538461538461538,176.0
Joe Burrow,2020,1.0,CIN,QB,24,LSU,17.369999999999997,173.7
David Montgomery,2019,73.0,CHI,RB,22,Iowa St.,10.65,170.4
Darius Slayton,2019,171.0,NYG,WR,22,Auburn,12.142857142857142,170.0
J.K. Dobbins,2020,55.0,BAL,RB,22,Ohio St.,11.233333333333333,168.5
Sam Darnold,2018,3.0,NYJ,QB,21,USC,12.953846153846154,168.4
George Pickens,2022,52.0,PIT,WR,21,Georgia,9.794117647058824,166.5
Dameon Pierce,2022,107.0,HOU,RB,22,Florida,12.8,166.4
Elijah Mitchell,2021,194.0,SFO,RB,23,Louisiana,15.0,165.0
Tank Dell,2023,69.0,HOU,WR,24,Houston,15.0,165.0
Christian Watson,2022,34.0,GNB,WR,23,North Dakota St.,11.721428571428572,164.1
Diontae Johnson,2019,66.0,PIT,WR,23,Toledo,10.19375,163.1
Nyheim Hines,2018,104.0,IND,RB,22,North Carolina St.,10.05625,160.9
Tyler Allgeier,2022,151.0,ATL,RB,22,BYU,9.9625,159.4
Jerry Jeudy,2020,15.0,DEN,WR,21,Alabama,9.85,157.6
Lamar Jackson,2018,32.0,BAL,QB,21,Louisville,9.84375,157.5
Laviska Shenault Jr.,2020,42.0,JAX,WR,22,Colorado,11.221428571428572,157.1
Josh Downs,2023,79.0,IND,WR,22,North Carolina,9.241176470588234,157.1
Davis Mills,2021,67.0,HOU,QB,23,Stanford,12.076923076923077,157.0
D.J. Moore,2018,24.0,CAR,WR,21,Maryland,9.8125,157.0
Bryce Young,2023,1.0,CAR,QB,22,Alabama,9.775,156.4
Michael Carter,2021,107.0,NYJ,RB,22,North Carolina,11.028571428571428,154.4
Michael Carter,2021,154.0,NYJ,RB,22,Duke,11.028571428571428,154.4
Tyjae Spears,2023,81.0,TEN,RB,22,Tulane,9.047058823529412,153.8
Darnell Mooney,2020,173.0,CHI,WR,23,Tulane,9.50625,152.1
Zach Wilson,2021,2.0,NYJ,QB,22,BYU,11.684615384615386,151.9
Pat Freiermuth,2021,55.0,PIT,TE,23,Penn St.,9.48125,151.7
Dalton Kincaid,2023,25.0,BUF,TE,24,Utah,9.39375,150.3
Kenny Pickett,2022,20.0,PIT,QB,24,Pittsburgh,11.53076923076923,149.9
Jaxon Smith-Njigba,2023,20.0,SEA,WR,21,Ohio St.,8.811764705882354,149.8
Devin Singletary,2019,74.0,BUF,RB,22,Florida Atlantic,12.325000000000001,147.9
Marquise Brown,2019,25.0,BAL,WR,22,Oklahoma,10.457142857142857,146.4
Jake Browning,2023,,CIN,QB,27,,16.044444444444444,144.4
Kerryon Johnson,2018,43.0,DET,RB,21,Auburn,13.940000000000001,139.4
Sony Michel,2018,31.0,NWE,RB,23,Georgia,10.7,139.1
Rachaad White,2022,91.0,TAM,RB,23,Arizona St.,8.18235294117647,139.1
Elijah Moore,2021,34.0,NYJ,WR,21,Mississippi,12.563636363636363,138.2
Chuba Hubbard,2021,126.0,CAR,RB,22,Oklahoma St.,8.094117647058823,137.6
Gabriel Davis,2020,128.0,BUF,WR,21,Central Florida,8.55625,136.9
Courtland Sutton,2018,40.0,DEN,WR,23,SMU,8.51875,136.3
Tua Tagovailoa,2020,5.0,MIA,QB,22,Alabama,13.55,135.5
Isiah Pacheco,2022,251.0,KAN,RB,23,Rutgers,7.9411764705882355,135.0
Hunter Renfrow,2019,149.0,OAK,WR,24,Clemson,10.26923076923077,133.5
Antonio Callaway,2018,105.0,CLE,WR,21,Florida,8.26875,132.3
Jahan Dotson,2022,16.0,WAS,WR,22,Penn St.,10.883333333333333,130.6
Justin Fields,2021,11.0,CHI,QB,22,Ohio St.,10.566666666666666,126.8
Aidan O'Connell,2023,135.0,LVR,QB,25,Purdue,11.436363636363636,125.8
Nick Mullens,2018,,SFO,QB,23,,15.4375,123.5
Christian Kirk,2018,47.0,ARI,WR,22,Texas A&M,10.291666666666666,123.5
Kenneth Gainwell,2021,150.0,PHI,RB,22,Memphis,7.7125,123.4
Anthony Miller,2018,51.0,CHI,WR,24,Memphis,8.013333333333334,120.2
Dontayvion Wicks,2023,159.0,GNB,WR,22,Virginia,7.986666666666666,119.8
Mecole Hardman,2019,56.0,KAN,WR,21,Georgia,7.46875,119.5
Breece Hall,2022,36.0,NYJ,RB,21,Iowa St.,16.442857142857143,115.1
Rhamondre Stevenson,2021,120.0,NWE,RB,23,Oklahoma,9.575000000000001,114.9
Michael Wilson,2023,94.0,ARI,WR,23,Stanford,8.807692307692308,114.5
Chris Herndon,2018,107.0,NYJ,TE,22,Miami (FL),7.075,113.2
Josh Rosen,2018,10.0,ARI,QB,21,UCLA,8.064285714285715,112.9
Brian Robinson Jr.,2022,98.0,WAS,RB,23,Alabama,9.391666666666667,112.7
Alec Pierce,2022,53.0,IND,WR,22,Cincinnati,7.01875,112.3
Noah Fant,2019,20.0,DEN,TE,22,Iowa,6.9375,111.0
Marquez Valdes-Scantling,2018,174.0,GNB,WR,24,South Florida,6.9375,111.0
Steven Sims,2019,,WAS,WR,22,,6.84375,109.5
Jalen Hurts,2020,53.0,PHI,QB,22,Oklahoma,7.2733333333333325,109.1
Rondale Moore,2021,49.0,ARI,WR,21,Purdue,7.792857142857143,109.1
Mason Rudolph,2019,76.0,PIT,QB,24,Oklahoma St.,10.879999999999999,108.8
Demario Douglas,2023,210.0,NWE,WR,23,Liberty,7.6571428571428575,107.2
Mark Andrews,2018,86.0,BAL,TE,23,Oklahoma,6.7,107.2
Brock Purdy,2022,262.0,SFO,QB,23,Iowa St.,11.81111111111111,106.3
Zach Charbonnet,2023,52.0,SEA,RB,22,UCLA,6.63125,106.1
Jaleel McLaughlin,2023,,DEN,RB,23,,6.235294117647059,106.0
James Cook,2022,63.0,BUF,RB,23,Georgia,6.60625,105.7
Dante Pettis,2018,44.0,SFO,WR,23,Washington,8.625,103.5
Rashod Bateman,2021,27.0,BAL,WR,22,Minnesota,8.625,103.5
Roschon Johnson,2023,115.0,CHI,RB,22,Texas,6.806666666666667,102.1
Will Levis,2023,33.0,TEN,QB,24,Kentucky,11.333333333333334,102.0
Cam Akers,2020,52.0,LAR,RB,21,Florida St.,7.8307692307692305,101.8
Romeo Doubs,2022,132.0,GNB,WR,22,Nevada,7.815384615384615,101.6
Zack Moss,2020,86.0,BUF,RB,23,Utah,7.815384615384615,101.6
Royce Freeman,2018,71.0,DEN,RB,22,Oregon,7.235714285714286,101.3
Tre'Quan Smith,2018,91.0,NOR,WR,22,Central Florida,6.713333333333334,100.7
Rashid Shaheed,2022,,NOR,WR,24,,8.375,100.5
Robert Foster,2018,,BUF,WR,24,,7.623076923076923,99.1
Michael Pittman Jr.,2020,34.0,IND,WR,23,USC,7.607692307692308,98.9
Michael Gallup,2018,81.0,DAL,WR,22,Colorado St.,6.10625,97.7
Ito Smith,2018,126.0,ATL,RB,23,Southern Miss,6.978571428571429,97.7
Chigoziem Okonkwo,2022,143.0,TEN,TE,23,Maryland,5.7176470588235295,97.2
Trey Palmer,2023,191.0,TAM,WR,22,Nebraska,5.629411764705883,95.7
Treylon Burks,2022,18.0,TEN,WR,22,Arkansas,8.554545454545455,94.1
Quentin Johnston,2023,21.0,LAC,WR,22,TCU,5.529411764705882,94.0
Tommy DeVito,2023,,NYG,QB,25,,10.38888888888889,93.5
Jaylen Warren,2022,,PIT,RB,24,,5.83125,93.3
Cade Otton,2022,106.0,TAM,TE,23,Washington,5.81875,93.1
Josh Palmer,2021,77.0,LAC,WR,22,Tennessee,5.464705882352941,92.9
Isaiah Likely,2022,139.0,BAL,TE,22,Coastal Carolina,5.70625,91.3
Preston Williams,2019,,MIA,WR,22,,11.35,90.8
Dallas Goedert,2018,49.0,PHI,TE,23,South Dakota St.,5.65,90.4
KJ Hamler,2020,46.0,DEN,WR,21,Penn St.,6.93076923076923,90.1
Gus Edwards,2018,,BAL,RB,23,,8.163636363636364,89.8
Jaylen Samuels,2018,165.0,PIT,RB,22,North Carolina St.,6.392857142857143,89.5
Tony Pollard,2019,128.0,DAL,RB,22,Memphis,5.946666666666667,89.2
Jalen Reagor,2020,21.0,PHI,WR,21,TCU,7.927272727272728,87.2
Greg Dulcich,2022,80.0,DEN,TE,22,UCLA,8.61,86.1
Jeff Driskel,2018,207.0,CIN,QB,25,Louisiana Tech,9.455555555555556,85.1
Jonathan Mingo,2023,39.0,CAR,WR,22,Mississippi,5.653333333333333,84.8
Henry Ruggs III,2020,12.0,LVR,WR,21,Alabama,6.4692307692307685,84.1
Nico Collins,2021,89.0,HOU,WR,22,Michigan,5.971428571428571,83.6
Kadarius Toney,2021,20.0,NYG,WR,22,Florida,8.24,82.4
Jauan Jennings,2021,217.0,SFO,WR,24,Tennessee,5.1375,82.2
Josh Adams,2018,,PHI,RB,22,,5.8500000000000005,81.9
Ian Thomas,2018,101.0,CAR,TE,22,Indiana,5.08125,81.3
Joshua Kelley,2020,112.0,LAC,RB,23,UCLA,5.8,81.2
T.J. Hockenson,2019,8.0,DET,TE,22,Iowa,6.7250000000000005,80.7
Dawson Knox,2019,96.0,BUF,TE,23,Mississippi,5.3133333333333335,79.7
Tyron Johnson,2020,,LAC,WR,24,,6.625,79.5
Irv Smith Jr.,2019,50.0,MIN,TE,21,Alabama,4.94375,79.1
Olabisi Johnson,2019,247.0,MIN,WR,22,Colorado St.,4.9375,79.0
Khalil Herbert,2021,217.0,CHI,RB,23,Virginia Tech,4.641176470588236,78.9
Tucker Kraft,2023,78.0,GNB,TE,23,South Dakota St.,4.617647058823529,78.5
Dwayne Haskins,2019,15.0,WAS,QB,22,Ohio St.,8.522222222222222,76.7
Kaden Smith,2019,176.0,NYG,TE,22,Stanford,8.422222222222222,75.8
Luke Musgrave,2023,42.0,GNB,TE,23,Oregon St.,6.836363636363637,75.2
Daniel Bellinger,2022,112.0,NYG,TE,22,San Diego St.,6.25,75.0
Jelani Woods,2022,73.0,IND,TE,24,Virginia,4.946666666666667,74.2
Emari Demercado,2023,,ARI,RB,24,,5.235714285714286,73.3
Anthony Richardson,2023,4.0,IND,QB,21,Florida,18.175,72.7
Tre Tucker,2023,100.0,LVR,WR,22,Cincinnati,4.4875,71.8
Michael Mayer,2023,35.0,LVR,TE,22,Notre Dame,5.1000000000000005,71.4
Marvin Mims,2023,63.0,DEN,WR,21,Oklahoma,4.41875,70.7
Rashaad Penny,2018,27.0,SEA,RB,22,San Diego St.,5.028571428571429,70.4
Keaton Mitchell,2023,,BAL,RB,21,,8.7375,69.9
Salvon Ahmed,2020,,MIA,RB,22,,11.5,69.0
Foster Moreau,2019,137.0,OAK,TE,22,LSU,5.261538461538462,68.4
Alexander Mattison,2019,102.0,MIN,RB,21,Boise St.,5.261538461538462,68.4
Patrick Laird,2019,,MIA,RB,24,,4.546666666666667,68.2
Drew Lock,2019,42.0,DEN,QB,23,Missouri,13.6,68.0
Kelvin Harmon,2019,206.0,WAS,WR,23,North Carolina St.,4.18125,66.9
Quintez Cephus,2020,166.0,DET,WR,22,Wisconsin,5.1461538461538465,66.9
Zach Pascal,2018,,IND,WR,24,,4.175,66.8
DaeSean Hamilton,2018,113.0,DEN,WR,23,Penn St.,4.735714285714286,66.3
Tyquan Thornton,2022,50.0,NWE,WR,22,Baylor,5.1,66.3
Jordan Thomas,2018,211.0,HOU,TE,22,Mississippi St.,4.09375,65.5
Trey Lance,2021,3.0,SFO,QB,21,North Dakota St.,10.816666666666668,64.9
Chase Edmonds,2018,134.0,ARI,RB,22,Fordham,3.94375,63.1
Keke Coutee,2018,103.0,HOU,WR,21,Texas Tech,10.450000000000001,62.7
Cole Kmet,2020,43.0,CHI,TE,21,Notre Dame,3.875,62.0
Jakobi Meyers,2019,,NWE,WR,23,,4.126666666666667,61.9
Harrison Bryant,2020,115.0,CLE,TE,22,Florida Atlantic,4.12,61.8
Trey McBride,2022,55.0,ARI,TE,23,Colorado St.,3.84375,61.5
Justin Jackson,2018,251.0,LAC,RB,22,Northwestern,4.7,61.1
Denzel Mims,2020,59.0,NYJ,WR,23,Baylor,6.7444444444444445,60.7
A.T. Perry,2023,195.0,NOR,WR,24,Wake Forest,6.0600000000000005,60.6
Jalin Hyatt,2023,73.0,NYG,WR,22,Tennessee,3.5470588235294116,60.3
Tim Patrick,2018,,DEN,WR,25,,3.7625,60.2
Ty Johnson,2019,186.0,DET,RB,22,Maryland,3.7625,60.2
Jordan Wilkins,2018,169.0,IND,RB,24,Mississippi,3.75625,60.1
Greg Ward,2019,,PHI,WR,24,,8.557142857142857,59.9
Collin Johnson,2020,165.0,JAX,WR,23,Texas,4.228571428571429,59.2
Zonovan Knight,2022,,NYJ,RB,21,,8.428571428571429,59.0
Xavier Gipson,2023,,NYJ,WR,22,,3.4529411764705884,58.7
Donovan Peoples-Jones,2020,187.0,CLE,WR,21,Michigan,4.866666666666666,58.4
Benny Snell Jr.,2019,122.0,PIT,RB,21,Kentucky,4.453846153846154,57.9
Antoine Wesley,2021,,ARI,WR,24,,3.853333333333333,57.8
Derrius Guice,2019,59.0,WAS,RB,22,LSU,11.48,57.4
DeeJay Dallas,2020,144.0,SEA,RB,22,Miami (FL),4.741666666666666,56.9
Jake Bobo,2023,,SEA,WR,25,,3.347058823529412,56.9
Derrick Gore,2021,,KAN,RB,27,,5.1000000000000005,56.1
Jason Croom,2018,,BUF,TE,24,,3.7266666666666666,55.9
Jaret Patterson,2021,,WAS,RB,22,,3.288235294117647,55.9
Brevin Jordan,2021,147.0,HOU,TE,21,Miami (FL),6.199999999999999,55.8
David Blough,2019,,DET,QB,24,,11.08,55.4
Equanimeous St. Brown,2018,207.0,GNB,WR,22,Notre Dame,4.5249999999999995,54.3
Lynn Bowden Jr.,2020,80.0,MIA,WR,23,Kentucky,5.36,53.6
Chase Brown,2023,163.0,CIN,RB,23,Illinois,4.458333333333333,53.5
Tyson Bagent,2023,,CHI,QB,23,,10.66,53.3
Devin Duvernay,2020,92.0,BAL,WR,23,Texas,3.31875,53.1
Tommy Tremble,2021,83.0,CAR,TE,21,Notre Dame,3.31875,53.1
Calvin Austin,2023,138.0,PIT,WR,24,Memphis,3.1,52.7
La'Mical Perine,2020,120.0,NYJ,RB,22,Florida,5.25,52.5
Wan'Dale Robinson,2022,43.0,NYG,WR,21,Kentucky,8.6,51.6
Devlin Hodges,2019,,PIT,QB,23,,6.4125,51.3
Ryquell Armstead,2019,140.0,JAX,RB,23,Temple,3.2,51.2
John Bates,2021,124.0,WAS,TE,24,Boise St.,2.9941176470588236,50.9
Miles Boykin,2019,93.0,BAL,WR,23,Notre Dame,3.175,50.8
Andrei Iosivas,2023,206.0,CIN,WR,24,Princeton,3.1625,50.6
Demetric Felton,2021,211.0,CLE,RB,23,UCLA,3.15625,50.5
Chris Evans,2021,202.0,CIN,RB,24,Michigan,3.557142857142857,49.8
Josh Johnson,2018,,WAS,QB,32,,12.4,49.6
Justice Hill,2019,113.0,BAL,RB,22,Oklahoma St.,3.09375,49.5
Trenton Cannon,2018,204.0,NYJ,RB,24,Virginia St.,3.04375,48.7
Jake Ferguson,2022,129.0,DAL,TE,23,Wisconsin,3.025,48.4
Anthony Firkser,2018,,TEN,FB,23,,3.9583333333333335,47.5
Van Jefferson,2020,57.0,LAR,WR,24,Florida,2.93125,46.9
Isaiah Wright,2020,,WAS,WR,23,,3.307142857142857,46.3
KeeSean Johnson,2019,174.0,ARI,WR,23,Fresno St.,4.6,46.0
Trent Sherfield,2018,,ARI,WR,22,,3.5384615384615383,46.0
Bo Melton,2023,229.0,GNB,WR,24,Rutgers,9.18,45.9
Keith Kirkwood,2018,,NOR,WR,24,,5.7375,45.9
David Bell,2022,99.0,CLE,WR,22,Purdue,2.8375,45.4
Caleb Huntley,2022,,ATL,RB,24,,3.7416666666666667,44.9
Jeff Wilson,2018,,SFO,RB,23,,7.3999999999999995,44.4
Cedric Tillman,2023,74.0,CLE,WR,23,Tennessee,3.1571428571428575,44.2
Mike White,2021,171.0,NYJ,QB,26,Western Kentucky,11.0,44.0
Donald Parham,2020,,LAC,TE,23,,3.376923076923077,43.9
James Washington,2018,60.0,PIT,WR,22,Oklahoma St.,3.1214285714285714,43.7
Skyy Moore,2022,54.0,KAN,WR,22,Western Michigan,2.7125,43.4
Kendre Miller,2023,71.0,NOR,RB,21,TCU,5.4125,43.3
Bo Scarbrough,2019,236.0,DET,RB,25,Alabama,7.2,43.2
Raheem Blackshear,2022,,CAR,RB,23,,3.3076923076923075,43.0
DeAndre Carter,2018,,2TM,WR,25,,3.0214285714285714,42.3
Marquez Callaway,2020,,NOR,WR,22,,3.8454545454545452,42.3
Ty'Son Williams,2021,,BAL,RB,25,,3.223076923076923,41.9
Freddie Swain,2020,214.0,SEA,WR,22,Florida,2.55625,40.9
Tyler Johnson,2020,161.0,TAM,WR,22,Minnesota,2.9214285714285713,40.9
Scott Miller,2019,208.0,TAM,WR,22,Bowling Green,4.0600000000000005,40.6
AJ Dillon,2020,62.0,GNB,RB,22,Boston Col.,3.6636363636363636,40.3
Mike Gesicki,2018,42.0,MIA,TE,23,Penn St.,2.5125,40.2
Bailey Zappe,2022,137.0,NWE,QB,23,Western Kentucky,9.9,39.6
Jordan Akins,2018,98.0,HOU,TE,26,Central Florida,2.46875,39.5
Peyton Hendershot,2022,,DAL,TE,23,,2.323529411764706,39.5
N'Keal Harry,2019,32.0,NWE,WR,22,Arizona St.,5.628571428571428,39.4
Parker Washington,2023,185.0,JAX,WR,21,Penn St.,4.355555555555556,39.2
Will Mallory,2023,162.0,IND,TE,24,Miami (FL),3.225,38.7
Desmond Ridder,2022,74.0,ATL,QB,23,Cincinnati,9.675,38.7
Adam Trautman,2020,105.0,NOR,TE,23,Dayton,2.54,38.1
Parris Campbell,2019,59.0,IND,WR,22,Ohio St.,5.442857142857143,38.1
Chris Rodriguez,2023,193.0,WAS,RB,23,Kentucky,2.9153846153846152,37.9
Kalen Ballage,2018,131.0,MIA,RB,23,Arizona St.,3.141666666666667,37.7
Rodney Smith,2020,,CAR,RB,24,,5.214285714285714,36.5
Marcell Ateman,2018,228.0,OAK,WR,24,Oklahoma St.,5.2,36.4
Bryan Edwards,2020,81.0,LVR,WR,22,South Carolina,3.025,36.3
Elijah Higgins,2023,197.0,ARI,TE,23,Stanford,3.3,36.3
Tyler Scott,2023,133.0,CHI,WR,22,Cincinnati,2.111764705882353,35.9
Connor Heyward,2022,208.0,PIT,TE,23,Michigan St.,2.105882352941176,35.8
Andrew Ogletree,2023,192.0,IND,TE,25,Youngstown St.,2.975,35.7
Brock Wright,2021,,DET,TE,23,,3.5700000000000003,35.7
Derius Davis,2023,125.0,LAC,WR,23,TCU,2.1,35.7
Will Dissly,2018,120.0,SEA,TE,22,Washington,8.9,35.6
Andy Isabella,2019,62.0,ARI,WR,23,Massachusetts,2.36,35.4
Hayden Hurst,2018,25.0,BAL,TE,25,South Carolina,2.9416666666666664,35.3
Byron Pringle,2019,,KAN,WR,26,,2.1875,35.0
Duke Williams,2019,,BUF,WR,27,,8.65,34.6
Malik Davis,2022,,DAL,RB,24,,2.8666666666666667,34.4
Khalil Shakir,2022,148.0,BUF,WR,22,Boise St.,2.435714285714286,34.1
Velus Jones Jr.,2022,71.0,CHI,WR,25,Tennessee,2.8333333333333335,34.0
Malik Heath,2023,,GNB,WR,23,,2.576923076923077,33.5
Anthony Schwartz,2021,91.0,CLE,WR,21,Auburn,2.3857142857142857,33.4
Dan Arnold,2018,,NOR,WR,23,,3.3,33.0
JJ Arcega-Whiteside,2019,57.0,PHI,WR,23,Stanford,2.05625,32.9
Jalen Nailor,2022,191.0,MIN,WR,23,Michigan St.,2.1933333333333334,32.9
Terrace Marshall Jr.,2021,59.0,CAR,WR,21,LSU,2.523076923076923,32.8
Brandon Allen,2019,201.0,DEN,QB,27,Arkansas,10.833333333333334,32.5
Mo Alie-Cox,2018,,IND,TE,25,,3.5888888888888886,32.3
John Metchie,2023,44.0,HOU,WR,23,Alabama,2.0125,32.2
Darwin Thompson,2019,214.0,KAN,RB,22,Utah St.,2.6750000000000003,32.1
Richie James,2018,240.0,SFO,WR,23,Middle Tenn. St.,2.4615384615384617,32.0
Jordan Mason,2022,,SFO,RB,23,,1.9875,31.8
Jordan Leggett,2018,150.0,NYJ,TE,23,Clemson,2.0933333333333333,31.4
Myles Gaskin,2019,234.0,MIA,RB,22,Washington,4.485714285714286,31.4
Jamycal Hasty,2020,,SFO,RB,24,,3.8875,31.1
Ronnie Bell,2023,253.0,SFO,WR,23,Michigan,1.811764705882353,30.8
Qadree Ollison,2019,152.0,ATL,RB,23,Pittsburgh,3.8375,30.7
Kyren Williams,2022,164.0,LAR,RB,22,Notre Dame,3.05,30.5
Teagan Quitoriano,2022,170.0,HOU,TE,22,Oregon St.,3.3666666666666667,30.3
Jaeden Graham,2019,,ATL,TE,24,,1.86875,29.9
DJ Chark,2018,61.0,JAX,WR,22,LSU,2.6727272727272724,29.4
Reggie Bonnafon,2019,,CAR,RB,23,,1.83125,29.3
Jamal Agnew,2020,165.0,DET,WR,25,San Diego,2.085714285714286,29.2
Albert Okwuegbunam,2020,118.0,DEN,TE,22,Missouri,7.275,29.1
John Hightower,2020,168.0,PHI,WR,24,Boise St.,2.2153846153846155,28.8
Ihmir Smith-Marsette,2021,157.0,MIN,WR,22,Iowa,3.575,28.6
D'Wayne Eskridge,2021,56.0,SEA,WR,24,Western Michigan,2.83,28.3
James Mitchell,2022,177.0,DET,TE,23,Virginia Tech,2.0214285714285714,28.3
Jake Luton,2020,189.0,JAX,QB,24,Oregon St.,9.433333333333334,28.3
Trey Sermon,2021,88.0,SFO,RB,22,Ohio St.,3.1444444444444444,28.3
Dyami Brown,2021,82.0,WAS,WR,22,North Carolina,1.8733333333333335,28.1
Travis Homer,2019,204.0,SEA,RB,21,Miami (FL),1.75,28.0
Eno Benjamin,2021,222.0,ARI,RB,22,Arizona St.,3.111111111111111,28.0
Damion Ratley,2018,175.0,CLE,WR,23,Texas A&M,2.1076923076923078,27.4
Pierre Strong,2022,127.0,NWE,RB,24,South Dakota St.,1.8133333333333332,27.2
Godwin Igwebuike,2021,,DET,RB,27,,1.576470588235294,26.8
Olamide Zaccheaus,2019,,ATL,WR,22,,2.65,26.5
Kyle Allen,2018,,CAR,QB,22,,13.25,26.5
Luke Schoonmaker,2023,58.0,DAL,TE,25,Michigan,1.5588235294117647,26.5
Hassan Haskins,2022,131.0,TEN,RB,23,Michigan,1.7333333333333334,26.0
Jermar Jefferson,2021,257.0,DET,RB,21,Oregon St.,3.6714285714285713,25.7
Davis Allen,2023,175.0,LAR,TE,22,Clemson,1.7,25.5
Ryan Finley,2019,104.0,CIN,QB,25,North Carolina St.,8.233333333333333,24.7
Malcolm Perry,2020,246.0,MIA,WR,23,Navy,2.7444444444444445,24.7
Andrew Beck,2019,,DEN,TE,23,,1.53125,24.5
Josh Whyle,2023,147.0,TEN,TE,24,Cincinnati,2.2181818181818183,24.4
Hale Hentges,2019,,WAS,TE,23,,2.209090909090909,24.3
Jake Kumerow,2018,,GNB,WR,26,,4.86,24.3
Deontay Burnett,2018,,NYJ,WR,21,,4.86,24.3
Brandon Powell,2018,,DET,WR,23,,4.05,24.3
Keelan Doss,2019,,OAK,WR,23,,3.0375,24.3
Ben Skowronek,2021,249.0,LAR,WR,24,Notre Dame,1.7357142857142858,24.3
Dalton Schultz,2018,137.0,DAL,TE,22,Stanford,2.1454545454545455,23.6
Quez Watkins,2020,200.0,PHI,WR,22,Southern Miss,3.9333333333333336,23.6
Ryan Izzo,2019,250.0,NWE,TE,24,Florida St.,3.9,23.4
Ke'Shawn Vaughn,2020,76.0,TAM,RB,23,Illinois,2.33,23.3
Kene Nwangwu,2021,119.0,MIN,RB,23,Iowa St.,2.090909090909091,23.0
Tank Bigsby,2023,88.0,JAX,RB,22,Auburn,1.3411764705882354,22.8
Anthony McFarland Jr.,2020,124.0,PIT,RB,22,Maryland,2.0636363636363635,22.7
Trey Quinn,2018,256.0,WAS,WR,23,SMU,7.5,22.5
DeMichael Harris,2020,,IND,WR,22,,3.2142857142857144,22.5
Darrell Henderson,2019,70.0,LAR,RB,22,Memphis,1.723076923076923,22.4
Dorian Thompson-Robinson,2023,140.0,CLE,QB,24,UCLA,2.7625,22.1
Xavier Hutchinson,2023,205.0,HOU,WR,23,Iowa St.,1.36875,21.9
Jody Fortson,2021,,KAN,TE,26,,3.6166666666666667,21.7
Kylen Granson,2021,127.0,IND,TE,23,SMU,1.2705882352941178,21.6
Deon Cain,2019,185.0,2TM,WR,23,Clemson,1.646153846153846,21.4
Antonio Williams,2020,,BUF,RB,23,,21.3,21.3
Jordan Love,2021,26.0,GNB,QB,23,Utah St.,3.516666666666667,21.1
Ko Kieft,2022,218.0,TAM,TE,24,Minnesota,1.2352941176470589,21.0
Ronald Jones II,2018,38.0,TAM,RB,21,USC,2.3,20.7
Jesper Horsted,2019,,CHI,TE,22,,3.4499999999999997,20.7
Charlie Jones,2023,131.0,CIN,WR,25,Purdue,1.8818181818181818,20.7
Quintin Morris,2022,,BUF,TE,23,,1.457142857142857,20.4
Trinity Benson,2021,,DET,WR,24,,2.5375,20.3
Gabe Nabers,2020,,LAC,FB,23,,1.2625,20.2
Vyncint Smith,2018,,HOU,WR,22,,2.8714285714285714,20.1
Christian Blake,2019,,ATL,WR,23,,2.2333333333333334,20.1
Tommy Sweeney,2019,228.0,BUF,TE,24,Boston Col.,3.233333333333333,19.4
Malik Willis,2022,86.0,TEN,QB,23,Liberty,2.4125,19.3
Samori Toure,2022,258.0,GNB,WR,24,Nebraska,1.7454545454545454,19.2
Zander Horvath,2022,260.0,LAC,FB,24,Purdue,1.24,18.6
Malik Taylor,2020,,GNB,WR,25,,1.2333333333333334,18.5
Sam Howell,2022,144.0,WAS,QB,22,North Carolina,18.3,18.3
Tyler Goodson,2023,,IND,RB,23,,3.016666666666667,18.1
Keaontay Ingram,2022,201.0,ARI,RB,23,USC,1.5083333333333335,18.1
Alec Ingold,2019,,OAK,FB,23,,1.13125,18.1
Robert Tonyan,2018,,GNB,TE,24,,1.10625,17.7
Skylar Thompson,2022,247.0,MIA,QB,25,Kansas St.,2.5,17.5
Dontrell Hilliard,2018,,CLE,RB,23,,1.5909090909090908,17.5
Patrick Taylor,2021,,GNB,RB,23,,1.911111111111111,17.2
Damion Willis,2019,,CIN,WR,22,,1.72,17.2
Jason Brownlee,2023,,NYJ,WR,24,,2.3714285714285714,16.6
Noah Gray,2021,162.0,KAN,TE,22,Duke,1.0375,16.6
Jake Butt,2018,145.0,DEN,TE,23,Michigan,5.5,16.5
Cameron Batson,2018,,TEN,WR,23,,1.481818181818182,16.3
Israel Abanikanda,2023,143.0,NYJ,RB,21,Pittsburgh,2.716666666666667,16.3
Wes Hills,2019,,DET,RB,24,,16.2,16.2
Darrynton Evans,2020,93.0,TEN,RB,22,Appalachian St.,3.22,16.1
Austin Mack,2020,,NYG,WR,23,,1.4636363636363638,16.1
Shi Smith,2021,204.0,CAR,WR,23,South Carolina,2.6833333333333336,16.1
Stephen Carlson,2019,,CLE,TE,23,,1.788888888888889,16.1
J.P. Holtz,2019,,2TM,TE,26,,1.0733333333333335,16.1
Darrel Williams,2018,,KAN,RB,23,,2.6833333333333336,16.1
Dez Fitzpatrick,2021,109.0,TEN,WR,24,Louisville,3.975,15.9
Troy Fumagalli,2019,156.0,DEN,TE,24,Wisconsin,1.4363636363636365,15.8
Larry Rountree,2021,198.0,LAC,RB,22,Missouri,1.3,15.6
Deonte Harty,2019,,NOR,WR,22,,1.1071428571428572,15.5
Braxton Berrios,2019,210.0,NYJ,WR,24,Miami (FL),0.96875,15.5
Dax Milne,2021,258.0,WAS,WR,22,BYU,1.1846153846153846,15.4
Bryce Perkins,2022,,LAR,QB,26,,3.08,15.4
D'Ernest Johnson,2019,,CLE,RB,23,,0.95,15.2
Jameson Williams,2022,12.0,DET,WR,21,Alabama,2.5166666666666666,15.1
Deuce Vaughn,2023,212.0,DAL,RB,22,Kansas St.,2.142857142857143,15.0
Emanuel Wilson,2023,,GNB,RB,24,,2.1142857142857143,14.8
Brenton Strange,2023,61.0,JAX,TE,23,Penn St.,1.0357142857142858,14.5
Brandon Johnson,2022,,DEN,WR,24,,2.0285714285714285,14.2
Kerrith Whyte Jr,2019,222.0,PIT,RB,23,Florida Atlantic,2.35,14.1
Armani Rogers,2022,,WAS,TE,25,,1.2727272727272727,14.0
Jalen Virgil,2022,,DEN,WR,24,,1.5,13.5
Darnell Washington,2023,93.0,PIT,TE,22,Georgia,0.7705882352941176,13.1
Grant Calcaterra,2022,198.0,PHI,TE,24,SMU,0.8733333333333333,13.1
Eric Gray,2023,172.0,NYG,RB,24,Oklahoma,1.0,13.0
Keith Ford,2018,,BUF,RB,24,,6.5,13.0
Riley Ridley,2019,126.0,CHI,WR,23,Georgia,2.58,12.9
John Wolford,2020,,LAR,QB,25,,12.8,12.8
Tyler Conklin,2018,157.0,MIN,TE,23,Central Michigan,0.79375,12.7
Hunter Luepke,2023,,DAL,RB,23,,0.7470588235294118,12.7
Luke Farrell,2021,145.0,JAX,TE,24,Ohio St.,0.84,12.6
Mark Walton,2018,112.0,CIN,RB,21,Miami (FL),0.8928571428571429,12.5
Jalen Brooks,2023,244.0,DAL,WR,23,South Carolina,1.7714285714285716,12.4
J.J. Taylor,2020,,NWE,RB,22,,2.066666666666667,12.4
Tyrie Cleveland,2020,252.0,DEN,WR,23,Florida,1.23,12.3
Russell Gage,2018,194.0,ATL,WR,22,LSU,0.8200000000000001,12.3
David Grinnage,2018,,JAX,TE,24,,3.025,12.1
Ben Sims,2023,,GNB,TE,23,,0.711764705882353,12.1
John Kelly,2018,176.0,LAR,RB,22,Tennessee,3.025,12.1
Devin Asiasi,2020,91.0,NWE,TE,23,UCLA,1.3222222222222222,11.9
Kyle Philips,2022,163.0,TEN,WR,23,UCLA,2.95,11.8
Andre Patton,2019,,LAC,WR,25,,0.8923076923076922,11.6
Andre Baccellia,2022,,ARI,WR,25,,1.4375,11.5
Jaelon Darden,2021,129.0,TAM,WR,22,North Texas,1.2666666666666666,11.4
Justyn Ross,2023,,KAN,WR,24,,1.1300000000000001,11.3
Brett Rypien,2020,,DEN,QB,24,,3.766666666666667,11.3
Kevin Harris,2022,183.0,NWE,RB,22,South Carolina,2.2399999999999998,11.2
Tyree Jackson,2021,,PHI,TE,24,,1.2444444444444445,11.2
Ja'Marcus Bradley,2020,,CLE,WR,24,,3.6666666666666665,11.0
Durham Smythe,2018,123.0,MIA,TE,23,Notre Dame,0.7333333333333333,11.0
Jake Fromm,2021,167.0,NYG,QB,23,Georgia,3.6333333333333333,10.9
T.J. Logan,2018,179.0,ARI,FB,24,North Carolina,1.09,10.9
Payne Durham,2023,171.0,TAM,TE,23,Purdue,0.8307692307692308,10.8
Deven Thompkins,2022,,TAM,WR,23,,2.16,10.8
Chris Brooks,2023,,MIA,RB,23,,1.1777777777777778,10.6
Dominique Dafney,2020,,GNB,TE,23,,2.12,10.6
Tre' McKitty,2021,97.0,LAC,TE,22,Georgia,0.9545454545454546,10.5
Nick Keizer,2020,,KAN,TE,25,,0.64375,10.3
Snoop Conner,2022,154.0,JAX,RB,23,Mississippi,1.275,10.2
Tevin Jones,2019,,PIT,WR,27,,2.02,10.1
Rakim Jarrett,2023,,TAM,WR,22,,1.0,10.0
Ronnie Rivers,2022,,LAR,RB,23,,1.25,10.0
Tyrion Davis-Price,2022,93.0,SFO,RB,22,LSU,1.6500000000000001,9.9
Cedrick Wilson Jr.,2019,208.0,DAL,WR,24,Boise St.,1.5999999999999999,9.6
Reggie Gilliam,2020,,BUF,FB,23,,0.6857142857142857,9.6
Amari Rodgers,2021,85.0,GNB,WR,22,Clemson,0.6,9.6
Artavis Pierce,2020,,CHI,RB,24,,1.8800000000000001,9.4
Khari Blasingame,2019,,TEN,FB,23,,1.5666666666666667,9.4
Tyler Badie,2022,196.0,DEN,RB,22,Missouri,9.4,9.4
Parker Hesse,2021,,ATL,TE,26,,1.1625,9.3
Derrick Willies,2018,,CLE,WR,24,,1.8199999999999998,9.1
Deon Jackson,2021,,IND,RB,22,,1.011111111111111,9.1
Michael Woods II,2022,202.0,CLE,WR,22,Oklahoma,0.9,9.0
JaQuan Hardy,2021,,DAL,RB,24,,2.966666666666667,8.9
Joe Reed,2020,151.0,LAC,WR,22,Virginia,0.8090909090909091,8.9
Charlie Kolar,2022,128.0,BAL,TE,23,Iowa St.,4.45,8.9
Detrez Newsome,2018,,LAC,RB,24,,0.9777777777777779,8.8
Julian Hill,2023,,MIA,TE,23,,0.5866666666666667,8.8
Luke Falk,2019,199.0,NYJ,QB,25,Washington St.,2.8666666666666667,8.6
Ventell Bryant,2019,,DAL,WR,23,,0.7083333333333334,8.5
P.J. Walker,2020,,CAR,QB,25,,2.125,8.5
Isaiah Spiller,2022,123.0,LAC,RB,21,Texas A&M,1.4000000000000001,8.4
Nick Westbrook-Ikhine,2020,,TEN,WR,23,,0.5928571428571429,8.3
Cody White,2021,,PIT,WR,23,,0.5533333333333333,8.3
Julius Chestnut,2022,,TEN,RB,22,,1.3833333333333335,8.3
Jon Hilliman,2019,,NYG,RB,24,,2.733333333333333,8.2
Jonathan Ward,2020,,ARI,RB,23,,0.5785714285714285,8.1
Drew Sample,2019,52.0,CIN,TE,23,Washington,0.8888888888888888,8.0
Jawill Davis,2018,,NYG,WR,23,,1.1428571428571428,8.0
Devine Ozigbo,2019,,JAX,RB,23,,0.8,8.0
Juwan Johnson,2020,,NOR,TE,24,,1.1285714285714286,7.9
Chad Beebe,2018,,MIN,WR,24,,2.6333333333333333,7.9
Diontae Spencer,2019,,DEN,WR,27,,0.48125,7.7
Colin Thompson,2020,,CAR,TE,27,,0.5133333333333333,7.7
Chris Streveler,2020,,ARI,QB,25,,1.54,7.7
Clayton Tune,2023,139.0,ARI,QB,24,Houston,1.0714285714285714,7.5
Auden Tate,2018,253.0,CIN,WR,21,Florida St.,1.0714285714285714,7.5
Rico Gathers,2018,217.0,DAL,TE,24,Baylor,0.5,7.5
Javon Wims,2018,224.0,CHI,WR,24,Georgia,1.8,7.2
Roc Thomas,2018,,MIN,RB,23,,1.42,7.1
Isaiah Zuber,2020,,NWE,WR,23,,1.75,7.0
Ben DiNucci,2020,231.0,DAL,QB,24,James Madison,2.3333333333333335,7.0
Zamir White,2022,122.0,LVR,RB,23,Georgia,0.5,7.0
Ray-Ray McCloud,2018,187.0,BUF,WR,22,Clemson,0.7,7.0
Troy Hairston,2022,,HOU,FB,24,,0.43125,6.9
Trevon Wesco,2019,121.0,NYJ,TE,24,West Virginia,0.43125,6.9
Elijah Cooks,2023,,JAX,WR,25,,0.7555555555555555,6.8
Mike Boone,2018,,MIN,RB,23,,0.85,6.8
Jalen Tolliver,2018,,ARI,WR,23,,2.2333333333333334,6.7
D.J. Montgomery,2021,,NYJ,WR,25,,2.1999999999999997,6.6
Charlie Woerner,2020,190.0,SFO,TE,23,Georgia,0.4714285714285714,6.6
Alexander Hollins,2019,,MIN,WR,23,,1.3199999999999998,6.6
Kahale Warring,2020,86.0,HOU,TE,23,San Diego St.,0.9285714285714286,6.5
Terry Godwin,2020,237.0,JAX,WR,24,Georgia,2.1666666666666665,6.5
Shane Zylstra,2021,,DET,TE,25,,1.6,6.4
Shaun Wilson,2018,,TAM,RB,23,,1.28,6.4
Jason Moore,2019,,LAC,WR,24,,0.63,6.3
Jack Stoll,2021,,PHI,TE,23,,0.3875,6.2
Trestan Ebner,2022,203.0,CHI,RB,23,Baylor,0.3647058823529412,6.2
Nate Adkins,2023,,DEN,TE,24,,0.62,6.2
Tommy Hudson,2021,,TEN,TE,24,,1.22,6.1
Tim Jones,2022,,JAX,WR,24,,0.35294117647058826,6.0
Jordan Franks,2018,,CIN,TE,22,,0.9500000000000001,5.7
Nick Bawden,2019,237.0,DET,RB,23,San Diego St.,0.5700000000000001,5.7
Stone Smartt,2022,,LAC,TE,24,,0.8142857142857143,5.7
Kenny Yeboah,2021,,NYJ,TE,23,,0.6222222222222222,5.6
Anthony Brown,2022,189.0,BAL,QB,24,Purdue,2.8,5.6
Lawrence Cager,2020,,NYJ,WR,23,,2.75,5.5
Ishmael Hyman,2019,,TAM,WR,24,,2.7,5.4
Hunter Bryant,2020,,DET,TE,22,,1.08,5.4
Sean Tucker,2023,,TAM,RB,22,,0.4727272727272727,5.2
Montrell Washington,2022,162.0,DEN,WR,23,Samford,0.3466666666666667,5.2
Adam Prentice,2021,,NOR,FB,24,,0.7285714285714285,5.1
C.J. Board,2019,,JAX,WR,26,,1.275,5.1
Trishton Jackson,2023,,MIN,WR,25,,0.7000000000000001,4.9
Stanley Morgan Jr.,2019,,CIN,WR,23,,0.43636363636363634,4.8
Mike Strachan,2021,229.0,IND,WR,24,Charleston (WV),0.7666666666666666,4.6
Mitchell Wilcox,2021,,CIN,TE,25,,0.30666666666666664,4.6
Tanner Hudson,2019,,TAM,TE,25,,0.5111111111111111,4.6
Dalton Keene,2020,101.0,NWE,TE,21,Virginia Tech,0.7666666666666666,4.6
Josh Oliver,2019,69.0,JAX,TE,22,San Jose St.,1.125,4.5
Daylen Baldwin,2022,,CLE,WR,23,,4.5,4.5
Dareke Young,2022,233.0,SEA,WR,23,Lenoir-Rhyne,0.3384615384615385,4.4
Seth Williams,2021,219.0,DEN,WR,21,Auburn,2.2,4.4
Dazz Newsome,2021,221.0,CHI,WR,22,North Carolina,1.4333333333333333,4.3
Jashaun Corbin,2023,,NYG,RB,23,,0.7166666666666667,4.3
Cole Turner,2022,149.0,WAS,TE,22,Nevada,0.43,4.3
Tylan Wallace,2021,131.0,BAL,WR,22,Oklahoma St.,0.2529411764705882,4.3
Cade Johnson,2022,,SEA,WR,24,,1.3666666666666665,4.1
De'Lance Turner,2018,,BAL,RB,23,,1.025,4.1
Fred Brown,2019,,DEN,WR,26,,0.3153846153846154,4.1
Ricky Ortiz,2018,,ATL,FB,24,,0.3416666666666666,4.1
Malik Turner,2018,,SEA,WR,22,,0.6666666666666666,4.0
Ben Ellefson,2020,,JAX,TE,24,,0.5714285714285714,4.0
Codey McElroy,2019,,TAM,TE,27,,4.0,4.0
Kylin Hill,2021,256.0,GNB,RB,23,Mississippi St.,0.4875,3.9
Elijah Dotson,2023,,LAC,RB,24,,0.975,3.9
Kayshon Boutte,2023,187.0,NWE,WR,21,LSU,0.78,3.9
KhaDarel Hodge,2018,,LAR,WR,23,,0.2642857142857143,3.7
Ashton Dulin,2019,,IND,WR,22,,0.2846153846153846,3.7
David Sills,2021,,NYG,WR,25,,0.925,3.7
David Williams,2018,226.0,JAX,RB,24,Arkansas,0.6,3.6
Dennis Houston,2022,,DAL,WR,23,,1.8,3.6
Colby Parkinson,2020,133.0,SEA,TE,21,Stanford,0.6,3.6
Trey Ragas,2021,,LVR,RB,25,,3.5,3.5
Antonio Gandy-Golden,2020,142.0,WAS,WR,22,Liberty,0.5833333333333334,3.5
Ross Dwelley,2018,,SFO,TE,23,,0.3090909090909091,3.4
River Cracraft,2018,,DEN,WR,24,,0.425,3.4
Gunner Olszewski,2019,,NWE,WR,23,,0.425,3.4
Brandon Zylstra,2018,,MIN,WR,25,,0.20625,3.3
Isaac Nauta,2019,224.0,DET,TE,22,Georgia,0.5499999999999999,3.3
Cody Hollister,2019,,TEN,WR,26,,0.6599999999999999,3.3
Jalen Tolbert,2022,88.0,DAL,WR,23,South Alabama,0.4,3.2
Gehrig Dieter,2018,,KAN,WR,25,,0.8,3.2
Penny Hart,2020,,SEA,WR,24,,0.24615384615384617,3.2
C.J. Saunders,2021,,CAR,WR,25,,1.55,3.1
Danny Gray,2022,105.0,SFO,WR,23,SMU,0.22307692307692306,2.9
Tyler Huntley,2020,,BAL,QB,22,,1.45,2.9
Jason Huntley,2020,172.0,PHI,RB,22,New Mexico St.,0.58,2.9
Ethan Wolf,2021,,NOR,TE,26,,1.4,2.8
Rashard Davis,2019,,TEN,WR,24,,2.6,2.6
LeVante Bellamy,2020,,DEN,RB,24,,0.52,2.6
Scottie Phillips,2020,,HOU,RB,23,,0.325,2.6
DJ Turner,2022,60.0,LVR,WR,25,Michigan,0.2888888888888889,2.6
Matt Flanagan,2018,,WAS,TE,23,,0.7999999999999999,2.4
Tim White,2018,,BAL,WR,24,,0.7999999999999999,2.4
Rico Dowdle,2020,,DAL,RB,22,,0.16,2.4
Frank Darby,2021,187.0,ATL,WR,24,Arizona St.,0.24,2.4
James Proche,2020,201.0,BAL,WR,24,SMU,0.17142857142857143,2.4
Tommy Stevens,2020,240.0,CAR,QB,24,Mississippi St.,2.4,2.4
Josiah Deguara,2020,94.0,GNB,TE,23,Cincinnati,1.1,2.2
Jeff Smith,2019,,NYJ,WR,22,,2.2,2.2
John FitzPatrick,2023,213.0,ATL,TE,23,Georgia,0.24444444444444446,2.2
John Ursua,2019,236.0,SEA,WR,25,Hawaii,0.7000000000000001,2.1
Jaren Hall,2023,164.0,MIN,QB,25,BYU,0.7000000000000001,2.1
Ian Book,2021,133.0,NOR,QB,23,Notre Dame,2.0,2.0
Ty Chandler,2022,169.0,MIN,RB,24,North Carolina,0.6666666666666666,2.0
Tarik Black,2021,,NYJ,WR,23,,2.0,2.0
Gary Brightwell,2021,196.0,NYG,RB,22,Arizona,0.15384615384615385,2.0
Zach Evans,2023,215.0,LAR,RB,22,Mississippi,0.19,1.9
Jason Cabinda,2022,,DET,FB,26,,0.2375,1.9
Tucker Fisk,2023,,ATL,TE,24,,0.31666666666666665,1.9
Cam Phillips,2018,,BUF,WR,23,,0.95,1.9
Darvin Kidsy,2018,,WAS,WR,23,,0.9,1.8
Hunter Long,2021,81.0,MIA,TE,23,Boston Col.,0.2571428571428572,1.8
Keon Hatcher,2018,,OAK,WR,24,,0.6,1.8
Jeremy Ruckert,2022,101.0,NYJ,TE,22,Ohio St.,0.2,1.8
Maurice Alexander,2022,,DET,WR,25,,0.425,1.7
Evan Hull,2023,176.0,IND,RB,23,Northwestern,1.7,1.7
Allen Lazard,2018,,GNB,WR,23,,1.7,1.7
Braylon Sanders,2022,,MIA,WR,23,,0.5666666666666667,1.7
Jaleel Scott,2019,132.0,BAL,WR,24,New Mexico St.,0.5333333333333333,1.6
Cole Fotheringham,2023,,LVR,TE,26,,0.8,1.6
Darius Jackson,2018,216.0,2TM,RB,25,Eastern Michigan,0.4,1.6
Garrett Gilbert,2018,,CAR,QB,27,,1.6,1.6
Charles Jones,2019,,JAX,TE,23,,0.375,1.5
Justin Watson,2018,144.0,TAM,WR,23,Pennsylvania,0.125,1.5
Jakob Johnson,2019,,NWE,FB,25,,0.375,1.5
J'Mon Moore,2018,133.0,GNB,WR,23,Missouri,0.125,1.5
Easop Winston,2021,,NOR,WR,25,,0.5,1.5
Zach Gentry,2019,141.0,PIT,TE,23,Michigan,0.35,1.4
Colton Dowell,2023,228.0,TEN,WR,24,UT Martin,0.13,1.3
Tony Jones,2020,,NOR,RB,23,,1.3,1.3
Will Grier,2019,100.0,CAR,QB,24,West Virginia,0.65,1.3
Erik Ezukanma,2022,125.0,MIA,WR,22,Texas Tech,1.3,1.3
Cyril Grayson,2019,,TAM,WR,26,,0.65,1.3
Logan Woodside,2020,249.0,TEN,QB,25,Toledo,0.21666666666666667,1.3
Sean Clifford,2023,149.0,GNB,QB,25,Penn St.,0.65,1.3
Marcus Baugh,2020,,WAS,TE,26,,0.15,1.2
Antoine Green,2023,219.0,DET,WR,24,North Carolina,0.13333333333333333,1.2
Jacques Patrick,2021,,SFO,RB,24,,0.6,1.2
Jerome Ford,2022,156.0,CLE,RB,23,Cincinnati,0.0923076923076923,1.2
Damien Harris,2019,87.0,NWE,RB,22,Alabama,0.6,1.2
Mekhi Sargent,2021,,3TM,RB,24,,0.15714285714285717,1.1
Dexter Williams,2019,194.0,GNB,RB,22,Notre Dame,0.275,1.1
Sam Ehlinger,2021,218.0,IND,QB,23,Texas,0.3,0.9
Kyle Trask,2022,64.0,TAM,QB,24,Florida,0.9,0.9
Jordan Scarlett,2019,154.0,CAR,RB,23,Florida,0.1,0.9
Joshua Dobbs,2018,135.0,PIT,QB,23,Tennessee,0.16,0.8
Racey McMath,2021,205.0,TEN,WR,22,LSU,0.08888888888888889,0.8
Ryan Nall,2019,,CHI,RB,24,,0.1,0.8
Damarea Crockett,2021,,DEN,RB,24,,0.05833333333333333,0.7
Tony Brooks-James,2019,,PIT,RB,25,,0.2333333333333333,0.7
John Lovett,2020,,GNB,TE,24,,0.075,0.6
Jake Funk,2021,233.0,LAR,RB,23,Maryland,0.05,0.5
Maurice Ffrench,2021,,LAC,WR,23,,0.09999999999999999,0.3
Kellen Mond,2021,66.0,MIN,QB,22,Texas A&M,0.2,0.2
Trace McSorley,2019,197.0,BAL,QB,24,Penn St.,0.1,0.1
Steven Mitchell,2018,,HOU,WR,24,,0.0,0.0
Deneric Prince,2023,,KAN,RB,23,,0.0,0.0
Jalen Guyton,2019,,LAC,WR,22,,0.0,0.0
Dalyn Dawkins,2018,,TEN,RB,24,,0.0,0.0
Terrell Bynum,2023,,LAC,WR,25,,0.0,0.0
Deon Yelder,2018,,KAN,TE,23,,0.0,0.0
Zack Kuntz,2023,220.0,NYJ,TE,24,Old Dominion,0.0,0.0
Jalen Camp,2021,209.0,HOU,WR,23,Georgia Tech,0.0,0.0
Jake Bargas,2020,,MIN,FB,24,,0.0,0.0
Sutton Smith,2021,175.0,LVR,FB,25,Northern Illinois,0.0,0.0
Da'Mari Scott,2018,,BUF,WR,23,,0.0,0.0
Spencer Schnell,2019,,TAM,WR,25,,0.0,0.0
Stanley Berryhill,2022,,DET,WR,24,,0.0,0.0
Spencer Brown,2021,93.0,CAR,RB,23,Northern Iowa,0.0,0.0
Tay Martin,2022,,SFO,WR,25,,0.0,0.0
Tavien Feaster,2021,,ARI,RB,24,,0.0,0.0
Steven Dunbar,2018,,SFO,WR,23,,0.0,0.0
Aaron Fuller,2021,,SEA,WR,24,,0.0,0.0
Jake Tonges,2022,,CHI,FB,23,,0.0,0.0
Tanner Conner,2022,,MIA,TE,24,,0.0,0.0
Devon Allen,2023,,PHI,WR,29,,0.0,0.0
Aaron Parker,2021,,CAR,WR,23,,0.0,0.0
Stephen Sullivan,2020,251.0,SEA,TE,24,LSU,0.0,0.0
Tony Lippett,2018,156.0,NYG,WR,26,Michigan St.,0.0,0.0
Jacob Harris,2021,141.0,LAR,TE,24,Central Florida,0.0,0.0
Tutu Atwell,2021,57.0,LAR,WR,22,Louisville,0.0,0.0
Hunter Kampmoyer,2021,,LAC,TE,23,,0.0,0.0
Henry Pearson,2023,,GNB,FB,24,,0.0,0.0
Adrian Killins,2020,,PHI,RB,22,,0.0,0.0
Hakeem Butler,2020,103.0,PHI,WR,24,Iowa St.,0.0,0.0
Donovan Olumba,2019,,DAL,RB,24,,0.0,0.0
Giovanni Ricci,2021,,CAR,FB,25,,0.0,0.0
Daurice Fountain,2018,159.0,IND,WR,23,Northern Iowa,0.0,0.0
Dylan Drummond,2023,,DET,WR,23,,0.0,0.0
Alonzo Russell,2018,,NYG,WR,26,,0.0,0.0
Gary Jennings Jr,2019,120.0,MIA,WR,22,West Virginia,0.0,0.0
Trenton Irwin,2019,,CIN,WR,24,,0.0,0.0
Alex Bachman,2020,,NYG,WR,24,,0.0,0.0
Garrett Dickerson,2018,,NYG,TE,23,,0.0,0.0
Tyler Davis,2020,196.0,JAX,TE,23,Clemson,0.0,0.0
Tyler Davis,2020,206.0,JAX,TE,23,Georgia Tech,0.0,0.0
Easton Stick,2020,166.0,LAC,QB,25,North Dakota St.,0.0,0.0
Davion Davis,2019,,MIN,WR,23,,0.0,0.0
Tyler Mabry,2021,,SEA,TE,25,,0.0,0.0
Farrod Green,2020,,IND,TE,23,,0.0,0.0
David Wells,2021,,ARI,TE,26,,0.0,0.0
Ian Bunting,2021,,DAL,TE,25,,0.0,0.0
Irvin Charles,2023,,NYJ,WR,26,,0.0,0.0
Jace Sternberger,2019,75.0,GNB,TE,23,Texas A&M,0.0,0.0
Dillon Stoner,2021,,LVR,WR,23,,0.0,0.0
Tom Kennedy,2019,,DET,WR,23,,0.0,0.0
Xazavian Valladay,2023,,NYJ,RB,25,,0.0,0.0
Dan Chisena,2020,,MIN,WR,23,,0.0,0.0
Xavier Jones,2020,,LAR,RB,23,,0.0,0.0
Daniel Helm,2020,,SFO,TE,25,,0.0,0.0
Dezmon Patmon,2020,212.0,IND,WR,22,Washington St.,0.0,0.0
Tony Brown,2020,,WAS,WR,23,,0.0,0.0
Ethan Fernea,2022,,IND,WR,24,,0.0,0.0
Tony Poljan,2021,,BAL,TE,24,,0.0,0.0
Tory Carter,2021,,TEN,FB,22,,0.0,0.0
Janarion Grant,2018,,BAL,WR,25,,0.0,0.0
Tra Carson,2018,,2TM,RB,26,,0.0,0.0
Travis Fulgham,2019,184.0,DET,WR,24,Old Dominion,0.0,0.0
Darius Bradwell,2020,,LAC,FB,23,,0.0,0.0
Travis Vokolek,2023,,ARI,TE,25,,0.0,0.0
Trayveon Williams,2019,182.0,CIN,RB,22,Texas A&M,0.0,0.0
Isaiah Hodgins,2021,207.0,BUF,WR,23,Oregon St.,0.0,0.0
Donnie Ernsberger,2018,,TAM,RB,22,,0.0,0.0
Isaiah Ford,2018,237.0,MIA,WR,22,Virginia Tech,0.0,0.0
Isaiah Coulter,2020,171.0,HOU,WR,22,Rhode Island,0.0,0.0
Simi Fehoko,2021,179.0,DAL,WR,24,Stanford,0.0,0.0
Malik Cunningham,2023,,2TM,QB,25,,0.0,0.0
Shedrick Jackson,2023,,CIN,WR,24,,0.0,0.0
Keenan Reynolds,2018,182.0,SEA,RB,25,Navy,0.0,0.0
Kevin Rader,2020,,PIT,TE,25,,0.0,0.0
Mohamed Ibrahim,2023,,DET,RB,25,,0.0,0.0
Kenny McIntosh,2023,237.0,SEA,RB,23,Georgia,0.0,0.0
Myron Mitchell,2021,,MIN,WR,23,,0.0,0.0
Chandler Cox,2019,233.0,MIA,RB,23,Auburn,0.0,0.0
Nakia Griffin-Stewart,2021,,KAN,TE,25,,0.0,0.0
Nate Becker,2020,,BUF,TE,24,,0.0,0.0
Nathan Cottrell,2020,,JAX,RB,24,,0.0,0.0
Kendall Blanton,2019,,LAR,TE,24,,0.0,0.0
Nick Bowers,2021,,LVR,TE,25,,0.0,0.0
Nick Muse,2022,227.0,MIN,TE,24,South Carolina,0.0,0.0
Nick Ralston,2021,,DAL,FB,25,,0.0,0.0
Brayden Willis,2023,247.0,SFO,TE,24,Oklahoma,0.0,0.0
Chris Lacy,2018,,DET,WR,22,,0.0,0.0
Nikola Kalinic,2022,,IND,TE,25,,0.0,0.0
Kearis Jackson,2023,,TEN,WR,24,,0.0,0.0
Noah Togiai,2020,,IND,TE,23,,0.0,0.0
Nsimba Webster,2019,,LAR,WR,23,,0.0,0.0
Kaylon Geiger,2022,,TAM,WR,25,,0.0,0.0
Kawaan Baker,2021,255.0,NOR,WR,23,South Alabama,0.0,0.0
Owen Wright,2023,,BAL,RB,24,,0.0,0.0
Chase Allen,2022,,CHI,TE,25,,0.0,0.0
Jared Bernhardt,2022,,ATL,WR,25,,0.0,0.0
Juwann Winfree,2019,187.0,DEN,WR,23,Colorado,0.0,0.0
Brandon Dillon,2019,,MIN,TE,22,,0.0,0.0
Chris Blair,2023,,ATL,WR,26,,0.0,0.0
Mitchell Tinsley,2023,,WAS,WR,24,,0.0,0.0
Miller Forristall,2021,,CLE,TE,23,,0.0,0.0
Kirk Merritt,2020,,MIA,WR,23,,0.0,0.0
Kristian Wilkerson,2020,,NWE,WR,23,,0.0,0.0
Caleb Wilson,2020,254.0,PHI,TE,24,UCLA,0.0,0.0
Lucky Jackson,2023,,MIN,WR,32,,0.0,0.0
Lucas Krull,2022,,NOR,TE,24,,0.0,0.0
Lil'Jordan Humphrey,2019,,NOR,WR,21,,0.0,0.0
Marken Michel,2020,,CAR,WR,27,,0.0,0.0
Lavon Coleman,2018,,GNB,RB,24,,0.0,0.0
Marquez Stevenson,2021,203.0,BUF,WR,23,Houston,0.0,0.0
Landen Akers,2021,,LAR,WR,24,,0.0,0.0
Mason Kinsey,2021,,TEN,WR,23,,0.0,0.0
Lance McCutcheon,2022,,LAR,WR,23,,0.0,0.0
Mason Schreck,2018,251.0,CIN,TE,25,Buffalo,0.0,0.0
Matt Bushman,2021,,LVR,TE,26,,0.0,0.0
Matt Cole,2020,,SFO,WR,24,,0.0,0.0
Matt Sokol,2020,,LAC,TE,25,,0.0,0.0
Buddy Howell,2018,,HOU,RB,22,,0.0,0.0
Michael Bandy,2021,,LAC,WR,24,,0.0,0.0
Brycen Hopkins,2020,136.0,LAR,TE,23,Purdue,0.0,0.0
Cam Sims,2018,,WAS,WR,22,,0.0,0.0
Kyric McGowan,2022,,WAS,WR,23,,0.0,0.0
Deante Burton,2018,,2TM,WR,24,,0.0,0.0
Brittain Brown,2022,250.0,LVR,RB,25,UCLA,0.0,0.0
Michael Warren,2020,,WAS,RB,22,,0.0,0.0
Britain Covey,2022,,PHI,WR,25,,0.0,0.0
Carson Meier,2019,,ATL,TE,24,,0.0,0.0
Kwamie Lassiter II,2022,,CIN,WR,24,,0.0,0.0
Paul Quessenberry,2021,,HOU,TE,29,,0.0,0.0
K.J. Osborn,2020,176.0,MIN,WR,23,Miami (FL),0.0,0.0
Chris Myarick,2020,,MIA,TE,25,,0.0,0.0
Johnny Johnson,2022,,HOU,WR,23,,0.0,0.0
Joe Fortunato,2021,,GNB,WR,27,,0.0,0.0
Jester Weah,2019,,WAS,WR,24,,0.0,0.0
Rodney Adams,2021,170.0,CHI,WR,27,South Florida,0.0,0.0
Rodney Williams,2023,,PIT,TE,25,,0.0,0.0
Roger Carter,2022,,LAR,TE,23,,0.0,0.0
Jeremy Cox,2020,,DEN,RB,24,,0.0,0.0
Jeremiah Sirles,2018,,BUF,TE,27,,0.0,0.0
Beau Brinkley,2020,,TEN,TE,30,,0.0,0.0
Cornell Powell,2022,181.0,KAN,WR,25,Clemson,0.0,0.0
Craig Reynolds,2019,,WAS,RB,23,,0.0,0.0
Avery Williams,2021,183.0,ATL,RB,23,Boise St.,0.0,0.0
Jeff Cotton,2021,,JAX,WR,24,,0.0,0.0
Jeff Badet,2020,,WAS,WR,26,,0.0,0.0
Jayson Stanley,2020,,SEA,WR,23,,0.0,0.0
Ryan Miller,2023,,TAM,WR,23,,0.0,0.0
Cullen Gillaspia,2019,220.0,HOU,RB,24,Texas A&M,0.0,0.0
SaRodorick Thompson,2023,,SEA,RB,24,,0.0,0.0
Saeed Blacknall,2018,,OAK,WR,22,,0.0,0.0
Malachi Dupre,2018,247.0,ARI,WR,23,LSU,0.0,0.0
Austin Trammell,2021,,ATL,WR,23,,0.0,0.0
D'Vonte Price,2022,,IND,RB,23,,0.0,0.0
Sammis Reyes,2021,,WAS,TE,26,,0.0,0.0
Javon Leake,2020,,WAS,RB,22,,0.0,0.0
Scotty Washington,2022,,NWE,WR,25,,0.0,0.0
Sean McKeon,2020,,DAL,TE,23,,0.0,0.0
Sewo Olonilua,2020,,DAL,RB,23,,0.0,0.0
Jared Pinkney,2021,,DET,TE,24,,0.0,0.0
Pooka Williams,2021,,CIN,WR,22,,0.0,0.0
Austin Walter,2019,,NYG,RB,23,,0.0,0.0
Jordan Chunn,2019,,DAL,RB,24,,0.0,0.0
Rashod Berry,2020,,NWE,TE,24,,0.0,0.0
Chris Rowland,2020,,ATL,WR,23,,0.0,0.0
Josh Hammond,2021,,JAX,WR,23,,0.0,0.0
Josh Ali,2022,,ATL,WR,23,,0.0,0.0
Blake Whiteheart,2023,,ARI,TE,23,,0.0,0.0
Cody Thompson,2021,,SEA,WR,25,,0.0,0.0
Jordan Veasy,2021,,HOU,WR,26,,0.0,0.0
Raleigh Webb,2022,,2TM,WR,25,,0.0,0.0
Binjimen Victor,2022,,BAL,WR,25,,0.0,0.0
Jordan Mims,2023,,NOR,RB,24,,0.0,0.0
Josh Pederson,2023,,JAX,TE,26,,0.0,0.0
Quadree Henderson,2018,,NYG,WR,22,,0.0,0.0
Ben Mason,2023,184.0,BAL,FB,24,Michigan,0.0,0.0
Raymond Calais,2020,245.0,LAR,RB,22,Louisiana,0.0,0.0
Boston Scott,2018,201.0,PHI,RB,23,Louisiana Tech,0.0,0.0
Princeton Fant,2023,,DAL,TE,24,,0.0,0.0
Brady Russell,2023,,SEA,TE,25,,0.0,0.0
Reggie Begelton,2020,,GNB,WR,27,,0.0,0.0
Johnny Stanton,2020,,CLE,FB,26,,0.0,0.0
Nate McCrary,2021,,BAL,RB,22,,-0.1,-0.1
Tim Boyle,2019,,GNB,QB,25,,-0.03333333333333333,-0.1
Kurt Benkert,2021,,GNB,QB,26,,-0.1,-0.1
Chad Kelly,2018,253.0,DEN,QB,24,Mississippi,-0.1,-0.1
Davis Webb,2021,87.0,BUF,QB,26,California,-0.3,-0.3
KaVontae Turpin,2022,,DAL,WR,26,,-0.023529411764705882,-0.4
Michael Walker,2019,,JAX,WR,23,,-0.07142857142857142,-0.5
JJ Jones,2018,,2TM,WR,26,,-0.175,-0.7
Darrius Shepherd,2019,,GNB,WR,24,,-0.15,-0.9
Jacob Eason,2021,122.0,IND,QB,24,Washington,-1.0,-1.0
Feleipe Franks,2021,,ATL,TE,24,,-0.15555555555555556,-1.4
Jarrett Stidham,2019,133.0,NWE,QB,23,Auburn,-0.5333333333333333,-1.6
Greg Dortch,2019,,CAR,WR,21,,-1.0,-2.0
Riley McCarron,2018,,NWE,WR,25,,-2.0,-2.0
J.J. Koski,2021,,LAR,WR,25,,-0.4,-2.0
Kyle Lauletta,2018,108.0,NYG,QB,23,Richmond,-1.1,-2.2
Kendall Hinton,2020,,DEN,WR,23,,-2.8,-2.8
