Player,Team,Pos,Rank,ADP,2023 Finish,2022 Finish,Id,Diff
CeeDee Lamb,DAL,WR,1,2.3,4,19,098d87b9-1fc9-4466-a7dd-7f35f697f506,0.57
Christian McCaffrey,SFO,RB,2,1.3,1,3,9e801ec6-ed8e-49b1-8b66-90553d7dd7e2,-0.53
Justin Jefferson,MIN,WR,3,5.4,9,6,8209c653-34c2-4bc5-8434-d5a6d2c8b27b,0.44
Tyreek Hill,MIA,WR,4,2.8,3,8,a36d312f-0f65-4e3a-98ef-823608309b21,-0.43
Breece Hall,NYJ,RB,5,7.3,18,17,3f671138-3ef9-437b-af4b-f865c1423161,0.32
A.J. Brown,PHI,WR,6,8.8,13,18,2bad3d34-9960-4d9a-8fa7-6abc8d2ba1f7,0.32
Ja'Marr Chase,CIN,WR,7,4.4,21,9,5a9b6074-7296-4571-94f8-6b9e803ba039,-0.59
Amon-Ra St. Brown,DET,WR,8,6.1,8,23,7b36b9f5-93c3-4fb7-8703-f89aa740c452,-0.31
Bijan Robinson,ATL,RB,9,7.1,39,,7f4475be-2cd2-4e94-9272-9d6e1c6a6262,-0.27
Garrett Wilson,NYJ,WR,10,10.2,91,55,c76953d5-dc07-49f6-85e2-731b919c09a0,0.02
Kyren Williams,LAR,RB,11,27.2,2,350,2ea6b394-3237-4644-8b49-69cf67b6e8a9,0.6
Puka Nacua,LAR,WR,12,11.7,14,,fb1781a7-ebfc-47c4-a925-18ad114c9834,-0.03
Jahmyr Gibbs,DET,RB,13,12.5,17,,f098bc7a-7b26-4b95-8a2a-5603e0c79eab,-0.04
Jaylen Waddle,MIA,WR,14,19.8,68,26,0eca149b-3acb-4540-90b9-e573a3983e73,0.29
Nico Collins,HOU,WR,15,17.7,20,206,0ca934b7-a6df-4df8-9f7b-f34f1f51d396,0.15
Jonathan Taylor,IND,RB,16,15.9,34,32,b4792419-5e76-45de-864a-741ac6df7651,-0.01
Cooper Kupp,LAR,WR,17,22.8,46,1,07d3867e-0154-4152-a798-18d6c7accd42,0.25
Saquon Barkley,PHI,RB,18,18.7,26,10,5b733acd-4a48-40f0-9662-51e4540b0351,0.04
De'Von Achane,MIA,RB,19,21.6,5,,47a7e2a4-2f23-4670-ac09-1c20b7e4bb39,0.12
Brandon Aiyuk,SFO,WR,20,25.8,28,82,c3032705-9198-4d1b-ba45-3d5eb7983645,0.22
Deebo Samuel,SFO,WR,21,16,10,56,bc1959be-6b30-4eca-be97-0f2e5b97eb9a,-0.31
Davante Adams,LVR,WR,22,21.7,33,7,6591b1cf-50ee-4c6d-964c-2b26ad46bfde,-0.01
Malik Nabers,NYG,WR,23,25.3,,,12dc1620-9e6e-4ea6-81db-325a12cf154c,0.09
Drake London,ATL,WR,24,15.2,98,114,56c751bc-45b5-4984-b916-8a9b1cbc056e,-0.58
Marvin Harrison,ARI,WR,25,13.7,,,ffadf9c7-84c5-4cbd-882c-08ac77e4ceff,-0.82
Jalen Hurts,PHI,QB,26,40.7,38,11,5e0c0398-4cff-4185-9805-3d5b56cb929b,0.36
Isiah Pacheco,KAN,RB,27,36.9,29,116,951c3ab5-1b70-43de-a537-16376027a240,0.27
Josh Jacobs,GNB,RB,28,50.9,40,5,993baded-bd48-4787-b0ad-ac2996be73a4,0.45
Chris Olave,NOR,WR,29,19.6,58,76,333093b5-7ef3-49ae-a736-93217e79f666,-0.48
Mike Evans,TAM,WR,30,25.7,12,42,8da0dbe1-4d06-45f3-830a-2112443c2466,-0.17
Derrick Henry,BAL,RB,31,29.3,23,4,2e8f2806-a076-496d-b610-30c5a9db0098,-0.06
Travis Etienne,JAX,RB,32,41.8,11,48,a9ad9af2-611c-4c9b-9e07-687f619a55ce,0.23
D.K. Metcalf,SEA,WR,33,28.6,41,38,2704e8d7-a534-4bef-9e3d-6d12ff738205,-0.15
Amari Cooper,CLE,WR,34,40.5,27,33,2426f790-2c33-4a1d-9074-0a2975affc5d,0.16
DeVonta Smith,PHI,WR,35,26.5,48,36,c0c23fc3-862e-481f-824b-04ee87c01392,-0.32
Tank Dell,HOU,WR,36,34.2,22,,2df22d1e-e053-42dd-9c5e-480d1196ff25,-0.05
Patrick Mahomes,KAN,QB,37,44,130,16,1028d0c1-94d4-463f-9a3d-3c0bebb060db,0.16
Josh Allen,BUF,QB,38,37,25,14,66b13037-5e4c-4b36-a7e7-398cbace2e58,-0.03
Travis Kelce,KAN,TE,39,39.1,56,13,18a2678b-805b-4ec2-8489-0e677735311b,0
D.J. Moore,CHI,WR,40,30.5,16,57,f68af97f-836c-472d-8ad2-8b87a19ec178,-0.31
George Pickens,PIT,WR,41,43.4,57,108,0c410b1a-19f9-415f-ae96-11dc81d258dc,0.06
Lamar Jackson,BAL,QB,42,47.7,43,45,f258ff18-d5fd-4dce-af9a-958900eecf52,0.12
Tee Higgins,CIN,WR,43,43.1,62,37,d27b174c-ed7e-4138-a2c7-ab3fcd3575b3,0
Stefon Diggs,HOU,WR,44,33.7,32,12,aeec05d9-8fa4-4b9a-a85d-4611dbb12d5f,-0.31
Rachaad White,TAM,RB,45,62.7,24,143,140a874a-e16b-4b51-9640-01797a14e4a1,0.28
Joe Mixon,HOU,RB,46,62.2,35,21,012a73f3-7fe2-427d-89d5-2ddc0fb366e6,0.26
Sam LaPorta,DET,TE,47,36.7,47,,686108bb-239b-4273-a28a-69b9571cc03d,-0.28
Trey McBride,ARI,TE,48,46,111,212,eb7bc4df-1285-4d03-94d4-bf9ab58eea87,-0.04
Christian Kirk,JAX,WR,49,48,86,34,3641f3d1-3ff6-4d44-91db-47834e41227b,-0.02
Mark Andrews,BAL,TE,50,48.9,61,64,b73379fb-c0bf-4624-bb87-5b9daf7ae1ed,-0.02
Zay Flowers,BAL,WR,51,38.1,74,,0f1d4122-0410-4a08-8ec5-564ad56b8d8c,-0.34
C.J. Stroud,HOU,QB,52,70.6,90,,d1f113bc-e984-499b-a386-2c38ef7a25d0,0.26
Anthony Richardson,IND,QB,53,57,77,,e5c2cbd7-65b7-41a9-b81d-a6e1313571fd,0.07
James Cook,BUF,RB,54,55,37,195,d7025fba-a9fc-4295-8a27-b194556a90f9,0.02
David Montgomery,DET,RB,55,73.1,19,69,1bbd25be-df0b-43c5-a027-2ff0bc886805,0.25
Xavier Worthy,KAN,WR,56,63,,,f1af93fd-af0e-4380-8ae4-519f04a8673c,0.11
Michael Pittman Jr.,IND,WR,57,34.8,42,75,0c4fb388-7ebc-4e40-947f-90ba2e7f60a3,-0.64
Diontae Johnson,CAR,WR,58,67.8,101,210,b7b1f316-40a7-4784-a8d1-f972b0dd394f,0.14
Rashee Rice,KAN,WR,59,51.9,80,,d763e0dc-b773-483d-be2a-a49c5ee0046d,-0.14
Marquise Brown,KAN,WR,60,61.3,118,78,905c091a-69b0-4c46-9f4a-0887d6485aaf,0.02
Dalton Kincaid,BUF,TE,61,51.7,149,,5fd1a37f-4c31-4cc1-82b5-ce980d353aaa,-0.18
Kyle Pitts,ATL,TE,62,60.4,165,186,4ffdccda-f8a4-4ec4-90a6-0ddf19626a93,-0.03
Brian Thomas,JAX,WR,63,77.8,,,e596066b-2a14-4ac2-9b2c-84422febdf32,0.19
Terry McLaurin,WAS,WR,64,50.9,88,65,84b4c137-2193-4e4b-b3de-a74f2eed2ad3,-0.26
Calvin Ridley,TEN,WR,65,57.6,54,,cc6cf04a-9ebb-4f4d-9d39-cc637b2da612,-0.13
Kenneth Walker III,SEA,RB,66,65.8,36,27,03fcdf1b-3181-4dc9-9891-5f8db430037f,0
Najee Harris,PIT,RB,67,84.4,83,53,fa6d275b-9843-4a2a-a13f-17b2a6421118,0.21
James Conner,ARI,RB,68,78.3,30,25,94b09be0-23a5-46fd-9484-7aa994983d13,0.13
David Njoku,CLE,TE,69,99.2,82,117,3346891b-8250-442e-be54-4ffc467140f0,0.3
George Kittle,SFO,TE,70,63.7,49,51,0d22526b-00d4-4f61-9c71-7540cd373543,-0.1
Keenan Allen,CHI,WR,71,55.6,7,31,079b90e6-3ce0-4952-88a6-8e2a3003d6fe,-0.28
Rome Odunze,CHI,WR,72,67.6,,,144f1a02-d422-4d10-ba5e-349a5daae34b,-0.07
Jaxon Smith-Njigba,SEA,WR,73,75.1,166,,71aa400e-7eab-465e-bf0a-1c1f7f407306,0.03
Chris Godwin,TAM,WR,74,61.3,110,66,19f1f476-acd6-4dbd-ac1c-7c4a920bf479,-0.21
Kyler Murray,ARI,QB,75,74.6,129,87,bf247202-99b8-442a-9164-7e7b88e3c39c,-0.01
Ladd McConkey,LAC,WR,76,74.8,,,da9a62a7-26d6-4485-be96-cd693c639448,-0.02
Rhamondre Stevenson,NWE,RB,77,81.6,69,29,1775916e-71ef-4b95-beb7-cc387b7d0a26,0.06
Alvin Kamara,NOR,RB,78,71.3,15,40,8efa33b9-1203-4a58-82f7-2b1104491e97,-0.09
Raheem Mostert,MIA,RB,79,92.2,6,84,313f9102-552e-42bb-9de8-8cdd09f9f400,0.14
Jaylen Warren,PIT,RB,80,86.8,97,263,f92ed8de-d86d-4837-9230-7ed84bdaf0f3,0.08
Dak Prescott,DAL,QB,81,95.9,51,110,820e0944-20ba-491d-94a0-9c367bb95d2a,0.16
Jake Ferguson,DAL,TE,82,84.9,128,297,21b4aa19-67f2-4f75-9580-e7de8402ec95,0.03
Zack Moss,CIN,RB,83,101.7,44,172,3e152432-f6e7-42b7-b71e-fd969103ef58,0.18
Courtland Sutton,DEN,WR,84,96.1,75,125,63578ada-4ed4-4316-9f8a-e9aabc341a12,0.13
Jayden Reed,GNB,WR,85,60,53,,501824d3-4a54-4af2-b44a-d3ecd1963f1d,-0.42
Christian Watson,GNB,WR,86,70,84,47,c404a688-5ff2-4ede-a1bd-1e52bd000052,-0.23
Jordan Addison,MIN,WR,87,86.2,59,,010a891d-2b17-4cbc-b8fe-7b3aa74f9e6f,-0.01
Joe Burrow,CIN,QB,88,89.5,123,35,13b9e9b0-7b2f-4a53-9772-7a2b029a0cec,0.02
Jordan Love,GNB,QB,89,95.4,103,,9edea840-1092-4867-b6ce-7cf21b5a10b0,0.07
Caleb Williams,CHI,QB,90,110.5,,,b8771ac8-365e-47ee-8c89-257ce9c3ed1c,0.19
Keon Coleman,BUF,WR,91,76.6,,,6d7c0fe8-34ac-4c6c-a7ab-3aba41078fc0,-0.19
Curtis Samuel,BUF,WR,92,87.1,115,100,5938ed56-9d15-4ddb-bbb6-4f2df360082d,-0.06
DeAndre Hopkins,TEN,WR,93,85.2,64,22,d0ab599c-2441-43c7-8e44-355ddcd40fb4,-0.09
Josh Palmer,LAC,WR,94,99.5,104,127,5b58b8bc-4e70-4c59-9b39-5d06ff9cc138,0.06
Evan Engram,JAX,TE,95,76.4,105,93,5482dd3a-89c6-44de-9819-2b27e7af1097,-0.24
Rico Dowdle,DAL,RB,96,128.5,174,,1f9caa40-8697-45ed-838a-c5016d5d2b50,0.25
Javonte Williams,DEN,RB,97,108.8,119,119,4cdb965b-ad70-4a6d-9ab5-2d106a11b98f,0.11
Zamir White,LVR,RB,98,88.9,159,350,1eaa53eb-1685-436a-92f1-5108e9060916,-0.1
Aaron Jones,MIN,RB,99,80.6,73,28,c7a3f5f1-7736-4c0d-9fed-b00b9e39c46b,-0.23
Jonathon Brooks,CAR,RB,100,94.4,,,d4aff586-ebb1-48b4-9046-92ced891b82e,-0.06
Blake Corum,LAR,RB,101,122,,,e89f7b98-d087-46a4-b20a-53dd65177736,0.17
Devin Singletary,NYG,RB,102,111.3,100,91,afbfb86b-62fa-4d76-850e-106a8bef1227,0.08
D'Andre Swift,CHI,RB,103,90.2,63,50,59e3addb-e2f7-4d24-8852-eaa61c397dd7,-0.14
Brock Bowers,LVR,TE,104,96.2,,,f5867da2-a5d7-46e0-8c3d-87d8f5679ac3,-0.08
Dallas Goedert,PHI,TE,105,115.3,120,123,b95bd706-6b49-482b-9767-182b062dd5b1,0.09
Jayden Daniels,WAS,QB,106,99.7,,,7596f380-5b00-47a8-9598-a26c2f107188,-0.06
Tyjae Spears,TEN,RB,107,108.6,167,,155d3ea9-be02-439b-893f-61cfb7e42e14,0.01
Tony Pollard,TEN,RB,108,102.2,66,20,46af6d96-b1c6-420e-8267-e45b7ee6bed2,-0.06
Romeo Doubs,GNB,WR,109,100.9,107,162,eab97f05-41eb-44dd-bcd6-b1164453d78f,-0.08
Jameson Williams,DET,WR,110,82.2,193,278,05770873-38ff-4f2c-9fe6-93b30344c8ff,-0.34
Mike Williams,NYJ,WR,111,133.8,31,49,ff2e5025-2e5a-42f1-b618-d49879ee4137,0.17
Rashid Shaheed,NOR,WR,112,108.1,96,150,e589613d-c3de-4dd1-9cfd-2e28677b4341,-0.04
Brandin Cooks,DAL,WR,113,116.3,85,129,dd65067d-22f1-4262-9511-1722ec842441,0.03
Jerry Jeudy,CLE,WR,114,123.5,215,46,6cf1940d-9a54-4eb3-ba14-49e9b822d88d,0.08
Gus Edwards,LAC,RB,115,120.5,52,163,2642260c-f775-4263-977c-4584914f0418,0.05
Brian Robinson Jr.,WAS,RB,116,105.1,50,101,8f945f72-643c-468a-92f0-5ce4eea02376,-0.1
Chase Brown,CIN,RB,117,101.3,184,,3e8980e6-5db5-4abf-bf09-961510c13cca,-0.15
Brock Purdy,SFO,QB,118,111.3,92,248,34410741-ef23-47e5-b6b4-ec1786d934fa,-0.06
Matthew Stafford,LAR,QB,119,147.8,164,294,2c21c617-0373-467a-aa15-1e0e678d9630,0.19
Trevor Lawrence,JAX,QB,120,118.4,131,92,cd014c4d-e787-4f56-b0c4-c18b0f98dfd0,-0.01
Tua Tagovailoa,MIA,QB,121,122.9,136,74,b24c197a-b8e2-4ddf-8d0e-b97e30059d08,0.02
Pat Freiermuth,PIT,TE,122,128.6,169,177,9461990e-fcb5-461a-aef0-cd430b33a1c8,0.05
Gabriel Davis,JAX,WR,123,132.1,67,62,9d484486-6555-41e2-9e4b-b9b4b4a73852,0.07
Khalil Shakir,BUF,WR,124,109.6,178,260,14655452-ddcb-4917-b5d6-16cba10df015,-0.13
Dontayvion Wicks,GNB,WR,125,114.6,187,,a7ee8a74-bffd-4cc1-8afe-c348540218cb,-0.09
Tyler Lockett,SEA,WR,126,109.7,94,43,d29d0594-1f4b-4108-8592-046e49e5257f,-0.15
Jakobi Meyers,LVR,WR,127,119.3,65,79,bd442576-a4ed-474b-9dbd-941891275718,-0.06
Adonai Mitchell,IND,WR,128,128.2,,,808b51b2-dbf2-4023-9231-cd5f910afe6f,0
Deshaun Watson,CLE,QB,129,153.3,171,,5a586c9b-29bb-4966-822f-20cbf961d487,0.16
Zach Charbonnet,SEA,RB,130,134.6,201,,317274c8-462d-4f3f-99c0-6fe632f9c100,0.03
Jerome Ford,CLE,RB,131,125.9,60,350,49edc4f4-dc78-467d-8ddb-a5585fcb54e9,-0.04
Austin Ekeler,WAS,RB,132,131.2,45,2,7e7c2085-c78c-4d08-b286-0fe4e199a8b0,-0.01
Tyler Allgeier,ATL,RB,133,145,121,89,fd40f098-b8ea-462f-9500-a356b073a8c2,0.08
Trey Benson,ARI,RB,134,122.3,,,542c1523-b23e-42fd-add6-29db4ec3dc1d,-0.1
Jared Goff,DET,QB,135,124.6,126,95,1c0b3cb2-0f1f-4404-af12-058599ce167f,-0.08
Geno Smith,SEA,QB,136,168.6,144,111,edb873b8-24e4-46c7-a82e-01efdedd9ff3,0.19
Luke Musgrave,GNB,TE,137,148,238,,6835cc77-2259-460a-96d2-4593cac34fe4,0.07
Chuba Hubbard,CAR,RB,138,153,109,156,3818318a-eae9-4e5e-97b7-fc9c17aff78d,0.1
Ty Chandler,MIN,RB,139,140,152,350,05ae34fa-4c89-4171-aec5-3a9cf44970be,0.01
Ja'Lynn Polk,NWE,WR,140,129.8,,,0eae9eff-1161-4e23-8038-c359ca6c1410,-0.08
Darnell Mooney,ATL,WR,141,141.8,226,171,4d0feb32-2c3d-4ba3-97a5-3255e2d8afd2,0.01
Hunter Henry,NWE,TE,142,159.1,114,234,7d9fe5a5-046a-497a-9edd-cd0fe22704e7,0.11
Tyler Conklin,NYJ,TE,143,167.9,263,178,c1bf2279-8822-483c-a471-eca605165780,0.15
Noah Fant,SEA,TE,144,164.4,324,249,8f7f70cb-d238-4263-a283-67fa1e0d8e88,0.12
Justin Herbert,LAC,QB,145,140.9,76,144,639efdda-8c57-4da3-83d2-30f2471bfc02,-0.03
Ezekiel Elliott,DAL,RB,146,126.5,116,59,3a7f32f4-cdb6-4be0-a1b5-6c216802dc4c,-0.15
Aaron Rodgers,NYJ,QB,147,158.8,,318,7e343d94-5993-4398-b8e1-d251ce8cddf6,0.07
Jahan Dotson,WAS,WR,148,137.4,147,71,63fee59f-b98f-4a3b-b166-6f5dd8382977,-0.08
Rashod Bateman,BAL,WR,149,163.5,300,103,b934b6d1-f3f7-4e85-9093-61752570be82,0.09
Andrei Iosivas,CIN,WR,150,197.6,334,,63eec11c-1dd4-4fc1-9d4c-518113126176,0.24
T.J. Hockenson,MIN,TE,151,142.9,70,67,83050f3b-3f33-4e5b-ad16-b0a82eefdcbb,-0.06
Adam Thielen,CAR,WR,152,159.7,55,137,219e05a7-6e17-4f64-a2ae-2023dd01ecb3,0.05
Michael Wilson,ARI,WR,153,154.7,133,,56346159-6e3e-4ec5-ab5b-4fa6e70a4aa9,0.01
Josh Downs,IND,WR,154,140.9,146,,eb04ead7-a136-4dfd-9bc0-36062253808f,-0.09
Braelon Allen,NYJ,RB,155,181.7,,,f55e4b60-80f9-4a44-bc29-a1e8af4d1396,0.15
Jordan Mason,SFO,RB,156,202.2,248,,12d3481b-b7f6-4d82-baa4-3305e68d386d,0.23
Ray Davis,BUF,RB,157,161.7,,,7add997e-ddf5-4dd6-b818-4747a6c23448,0.03
Demarcus Robinson,LAR,WR,158,169.3,135,228,156f87f5-8039-4e08-b878-f03c220c2923,0.07
Xavier Legette,CAR,WR,159,151.8,,,781c6385-c420-4a04-a546-e7244b0f421d,-0.05
Marvin Mims,DEN,WR,160,178.5,160,,fc1ccabb-3073-4b34-a1c4-3310e43d369e,0.1
Khalil Herbert,CHI,RB,161,174.7,89,86,b281e42f-9b24-4361-96c1-7ef192f20315,0.08
Tyrone Tracy,NYG,RB,162,190.8,,,df951d37-812b-402b-8bf0-41a39a47f49a,0.15
J.K. Dobbins,LAC,RB,163,149.1,,,a3694f7f-d96e-4a5c-9965-f877c14cf007,-0.09
MarShawn Lloyd,GNB,RB,164,150.8,,,ba62ae9e-6556-4eec-abd8-24061cbc3b64,-0.09
Nick Chubb,CLE,RB,165,127.6,87,15,c4ee1373-10f2-47bb-a333-0bbc1047fee3,-0.29
Juwan Johnson,NOR,TE,166,200.5,132,126,8e8ab6f3-17ee-4fd2-b267-49e1d20b6d12,0.17
Dalton Schultz,HOU,TE,167,133,108,85,d79e99d3-9a96-438e-a237-b5a1f6309909,-0.26
Daniel Jones,NYG,QB,168,188.4,124,94,a9621925-0793-4d79-ad41-0f568611b6b5,0.11
Kirk Cousins,ATL,QB,169,143.9,93,98,28d325d3-3f66-4334-8c97-7e886cbb0218,-0.17
Colby Parkinson,LAR,TE,170,208.1,288,272,a12d7960-6735-4cd5-a17b-a6fd9011f9ca,0.18
Ben Sinnott,WAS,TE,171,197.9,,,7c3b8c65-cee7-441a-b656-dc0f9e592075,0.14
Clyde Edwards-Helaire,KAN,RB,172,215.3,172,68,f4d8cdaa-4ace-4c06-93eb-8d0474a850e1,0.2
Dameon Pierce,HOU,RB,173,195.2,180,44,78a87fe4-0865-48fc-b9a2-cde47573850a,0.11
Bucky Irving,TAM,RB,174,170.5,,,2cbcf238-c3f6-456f-966a-8c89943c11f2,-0.02
Tank Bigsby,JAX,RB,175,210.2,350,,d5eb08a8-9cfd-4355-8ef8-68520f7ddcc2,0.17
Antonio Gibson,NWE,RB,176,168.3,195,102,8455944d-c59f-4f25-a201-2a0785a34543,-0.05
Audric Estime,DEN,RB,177,187.4,,,fc3f376b-6891-4be4-be49-125ac078306d,0.06
Jaleel McLaughlin,DEN,RB,178,153.5,161,,5f0c0506-0633-48ed-82c8-84e8ccca391b,-0.16
Jaylen Wright,MIA,RB,179,151.9,,,ffffe221-e468-4aa4-a89c-814ff9d84e24,-0.18
Demario Douglas,NWE,WR,180,158,227,,ba20ed45-635f-42e7-bd40-6f11de194256,-0.14
Wan'Dale Robinson,NYG,WR,181,166.7,148,157,e1e19ee9-01a4-472f-8e74-626a4607e6d1,-0.09
Ricky Pearsall,SFO,WR,182,150.1,,,32b80205-735b-4646-962e-4485d512a029,-0.21
Jalen Tolbert,DAL,WR,183,181.5,271,350,1a953802-dab8-461f-983f-7695316f109f,-0.01
Jalen McMillan,TAM,WR,184,172.6,,,d03ce45d-ed3f-40cf-8ae2-a7fb49ef2eab,-0.07
Baker Mayfield,TAM,QB,185,164.9,151,319,3d994e25-98b0-4fe4-8e43-45caa3b05889,-0.12
Bo Nix,DEN,QB,186,206.1,,,8f16025a-ffe0-4efa-836e-b71ae20db9e9,0.1
Will Levis,TEN,QB,187,173.6,185,,1dab82ca-7aea-4818-b0e0-b56aae0f686f,-0.08
Sam Darnold,MIN,QB,188,214.9,,173,1507292b-ae32-4d4c-b453-630ba7b1de42,0.13
Jonnu Smith,MIA,TE,189,184.8,162,365,d22c8282-2db7-48ec-ac2c-825f00eac244,-0.02
Cole Kmet,CHI,TE,190,141.4,95,138,1a11d2ae-c4b1-400c-bf2e-d4dca13800e6,-0.34
Bryce Young,CAR,QB,191,193.7,259,,988bab92-36df-41d0-90d3-86d936f37c90,0.01
Drake Maye,NWE,QB,192,204.2,,,559fb2bc-fb75-45f8-8872-32bdc051ef1b,0.06
Russell Wilson,PIT,QB,193,212.9,163,134,cf4714e3-23fb-4dcd-9daa-8ba4be108e88,0.09
Jalin Hyatt,NYG,WR,194,209.8,232,,aa442ff3-158d-4084-bc7d-31672fba2a61,0.08
Jermaine Burton,CIN,WR,195,173.3,,,7f61052c-f7f1-46a1-9486-afbbdebf9e9e,-0.13
Odell Beckham Jr.,MIA,WR,196,214.5,145,350,d08a736a-bcaa-4efe-ac9d-8669b1d226cb,0.09
Cedric Tillman,CLE,WR,197,215.5,350,,f80d5527-7688-4d02-a14e-fd33e8fafc57,0.09
Kimani Vidal,LAC,RB,198,181.2,,,4f2cd96c-93ab-4556-b181-a9d5148a5547,-0.09
Alexander Mattison,LVR,RB,199,214.5,138,222,0b343303-da50-49ce-a35d-5570a5479c10,0.07
AJ Dillon,GNB,RB,200,214.2,190,,ff47408a-4f83-4e5e-8a3e-07e76012ea2d,0.07
Trey Sermon,IND,RB,201,215.2,316,,c84622c1-dc3c-4b17-a280-98fd65f1d209,0.07
Roschon Johnson,CHI,RB,202,205.7,173,,7680a072-4119-42eb-9d1b-031c94180600,0.02
Will Shipley,PHI,RB,203,209.1,,,77d67f97-1de2-4ded-a444-027232e14d35,0.03
Elijah Mitchell,SFO,RB,204,192,216,149,878411ca-a020-4d88-8937-615d79934cb2,-0.06
Deneric Prince,KAN,RB,205,210,334,,0d8c52b1-1d65-476b-8b70-928503c96cfd,0.02
Justin Fields,PIT,QB,206,178.3,71,41,8b1ee1f2-c7a2-4e99-a044-780eb97933c7,-0.16
Derek Carr,NOR,QB,207,200.8,219,220,7758c18a-e90d-4730-b4d9-e576e1edde66,-0.03
J.J. McCarthy,MIN,QB,208,207.4,,,3b683063-e2a1-4c8c-9c2a-d0a0efc5e9b6,0
Cade Otton,TAM,TE,209,175.6,188,236,2f43f271-81a2-428d-be67-22331f8cc23e,-0.19
Isaiah Likely,BAL,TE,210,177,143,197,96e18685-a5d7-4bce-9803-406cd96537cb,-0.19
Dawson Knox,BUF,TE,211,213.3,317,167,0500233c-15fa-4054-a18c-558c519b6ef3,0.01
Aidan O'Connell,LVR,QB,212,215.7,183,,fa05fa48-c595-4b99-8fdd-e50dc8644fce,0.02
Johnny Wilson,PHI,WR,213,214.1,,,bd7fdfef-bf95-4c63-ac61-1ca7672ef09f,0.01
Van Jefferson,PIT,WR,214,215.5,334,,96fbb541-027d-48f5-81a1-4cfeef5a8dd2,0.01
Jalen Nailor,MIN,WR,215,215.6,334,,04cb59a9-b8d4-4438-98cd-ce59da76f4a5,0
Greg Dortch,ARI,WR,216,189.7,194,107,79b314eb-c128-42af-81d1-74d02e202c73,-0.14
Roman Wilson,PIT,WR,217,201.4,,,ee4764a1-5eaa-450f-bfb6-fda7fd37485f,-0.08
Ray-Ray McCloud,ATL,WR,218,214,,,c9dab34a-6d7e-4d13-931d-32f357da159e,-0.02
Kalif Raymond,DET,WR,219,215,222,290,cd3ad272-880e-4c6b-9231-5b36000c3690,-0.02
Josh Reynolds,DEN,WR,220,215.3,139,122,d2247d86-c874-48e7-a4c7-b82e26cd5c18,-0.02
Treylon Burks,TEN,WR,221,212.6,303,213,e68c8a9b-e51b-4184-b41e-0b9ebf3ad193,-0.04
Darius Slayton,NYG,WR,222,213.8,137,136,01325253-9619-4ab1-ac44-9f3a0e9be4e9,-0.04
Tre Tucker,LVR,WR,223,215.5,198,,2e4af01e-cf3e-4a59-8532-e115e1fb5d82,-0.03
Dyami Brown,WAS,WR,224,215.8,,,26deaea1-c5ef-4ed4-a422-2ba556d71e5a,-0.04
K.J. Osborn,NWE,WR,225,215.8,154,,8345b52f-3b03-4d99-8b01-fd2ddbb64975,-0.04
Chigoziem Okonkwo,TEN,TE,226,200.9,239,227,f71fb47b-cb8d-436b-a9ea-3a8f7d4da6f5,-0.12
Will Dissly,LAC,TE,227,215.8,334,,e8b684d4-eb6d-47a8-872a-bc8d9a30baf4,-0.05
Greg Dulcich,DEN,TE,228,212.5,334,,450097ed-6eb2-419a-897c-cddc4aa48a51,-0.07
Tucker Kraft,GNB,TE,229,213.9,242,,112e0165-5616-4de6-97fe-3a99d6a48dbe,-0.07
Theo Johnson,NYG,TE,230,209.5,,,220b09df-76f5-4c09-b525-7bd4113aa51a,-0.1
Justice Hill,BAL,RB,231,205.1,158,377,dc54aaed-d67b-4a0b-8893-858001d7053d,-0.13
Kenneth Gainwell,PHI,RB,232,215.7,276,,819b347a-556a-4c90-b7b1-356dc12c162d,-0.08
Samaje Perine,DEN,RB,233,215.9,207,,cd52e459-87a8-465f-b612-a51359fa9c19,-0.08
Jamaal Williams,NOR,RB,234,215.3,310,,b6d0dae3-7a01-4d3d-8d43-521fd0974b9d,-0.09
Jordan Whittington,LAR,WR,235,214.5,,,32399581-6bbb-456d-90b0-e958dab9a105,-0.1
DJ Chark,LAC,WR,236,190.2,127,,a3f9a932-cb32-4d30-84c0-7e4347bb909f,-0.24
Tim Patrick,DEN,WR,237,215.7,,,f38f0702-7a00-4b33-8f0e-4dd4540c199d,-0.1
Xavier Gipson,NYJ,WR,238,215.9,299,,9edc79a1-7ec7-49c4-8919-c57251d06a81,-0.1
Malachi Corley,NYJ,WR,239,187.6,,,feaa26c4-cff4-487a-970a-ddad711e5b09,-0.27
Luke McCaffrey,WAS,WR,240,198.3,,,1fe1828f-95e2-4ee6-a853-b15a778297b1,-0.21
Bo Melton,GNB,WR,241,215.5,334,,60308505-0d50-4aad-88e6-7af905d7be9b,-0.12
Michael Penix,ATL,QB,242,215.8,,,feb2d1d8-9688-4547-86ce-3955794a2b88,-0.12
Jacoby Brissett,NWE,QB,243,216,334,,b9d7fb42-b2c8-499d-989a-f6c8dd3cf6b1,-0.13
Gardner Minshew II,LVR,QB,244,215.3,199,179,5cd0ffa9-619f-4ea0-a340-2147a2dee05d,-0.13
Mike Gesicki,CIN,TE,245,207.7,322,190,72b37a2c-fc4e-459f-9993-cdce1843deff,-0.18
Michael Mayer,LVR,TE,246,215.5,221,,df7ae891-91f9-4ca9-a9cd-943bf8d3d548,-0.14
Tommy Tremble,CAR,TE,247,216,333,,b3a4187b-aca8-47a0-b4cd-345eea97908b,-0.14
Jelani Woods,IND,TE,248,214.6,334,200,c11cfb02-1270-4bd9-9417-30b4de424cf7,-0.16
Gerald Everett,CHI,TE,249,215.8,218,,4b1bbd87-a4eb-49ed-a734-0387091e8449,-0.15
Davis Allen,LAR,TE,250,216,258,,bac84494-6e28-405f-91f3-558aeac31fbe,-0.16
Hayden Hurst,LAC,TE,251,215.2,229,,ad6ea23f-5301-4943-84e4-79dc17f32393,-0.17
Daniel Bellinger,NYG,TE,252,215.9,334,,b449f31a-1021-49bb-8095-b31a6e7d1b77,-0.17
Zach Ertz,WAS,TE,253,214.6,287,141,746a77dd-2238-418d-b736-f21ac804caed,-0.18
Ja'Tavion Sanders,CAR,TE,254,215,,,65ffbb28-dca4-45c1-8f35-b93688f96de6,-0.18
Cedrick Wilson Jr.,NOR,WR,255,216,,,cd9c142f-9c93-4088-9213-9538c40b94ec,-0.18
Kendrick Bourne,NWE,WR,256,215.6,79,225,4fc64fed-2d9b-48b3-b191-fa68ffd14df4,-0.19
Jauan Jennings,SFO,WR,257,212.3,266,,a536b008-420c-4e5e-a333-c3b05462f128,-0.21
Alec Pierce,IND,WR,258,215.6,189,,fbb251bf-b1b4-4111-bd97-09923e621de8,-0.2
Mack Hollins,BUF,WR,259,215.8,,,7d86b339-030c-4675-95c2-c6b61f9b606a,-0.2
Quentin Johnston,LAC,WR,260,175.8,240,,d1320ecb-9461-4fba-97c1-d40ae8c36cb5,-0.48
Noah Brown,HOU,WR,261,215.7,72,,e14e3303-2bf3-4cf2-841f-f4861320d1d8,-0.21
Tyler Boyd,TEN,WR,262,199.2,168,131,b85602ca-8575-47c6-9cd5-36aaeaab7038,-0.32
Javon Baker,NWE,WR,263,205.7,,,283389c2-edc9-43fb-a311-fcd3e14f483b,-0.28
Elijah Moore,CLE,WR,264,215.1,179,280,99f3f9f4-99bc-4044-887e-7b671d990ba8,-0.23
Trey Palmer,TAM,WR,265,215.9,251,,10f54e5c-2622-4fe7-95ae-eb1876f1b20f,-0.23
Zay Jones,ARI,WR,266,215,156,,841aaf26-5dfb-426e-97f6-046979ea2f56,-0.24
A.T. Perry,NOR,WR,267,215.6,224,,3a0c1c94-323a-4561-8135-4555ac4245bc,-0.24
Kadarius Toney,KAN,WR,268,215.8,334,,bfcfc3b6-3a88-4b56-97b9-c8d2cdf2f5f4,-0.24
Troy Franklin,DEN,WR,269,197.6,,,fe172b50-3a9a-4b92-bfd7-7c4806855cd3,-0.36
Antoine Green,DET,WR,270,216,334,,48ea47a7-85fd-4446-95f1-55930d05b0e9,-0.25
Calvin Austin,PIT,WR,271,215.8,255,,ef3fd24b-55b9-4640-9098-4c1dabda6b3c,-0.26
Tutu Atwell,LAR,WR,272,215.9,155,,213ba323-af65-4bad-bc69-8806bcb6f8b4,-0.26
Devontez Walker,BAL,WR,273,213.6,,,54969679-9dbf-4deb-a186-d074a361be7d,-0.28
Parker Washington,JAX,WR,274,215.8,186,,dd9c5c91-e0cb-4b91-af57-3b729228ea31,-0.27
Malik Washington,MIA,WR,275,214.2,,,71207b30-eb62-41d8-94af-120bf98f5097,-0.28
Kendre Miller,NOR,RB,276,199.7,246,,ff629d5a-a1a0-41aa-be94-384346c39dd0,-0.38
Keaton Mitchell,BAL,RB,277,215.1,112,,36eacb60-5365-4223-9254-718ee383c69d,-0.29
D'Onta Foreman,CLE,RB,278,215.6,78,,e924f874-0ed1-4a72-a3f7-e4980b9eabf4,-0.29
Dylan Laube,LVR,RB,279,213.8,,,d2a89bb9-9dc8-4667-8389-75ab8de01b47,-0.3
Miles Sanders,CAR,RB,280,215.5,220,39,fbf8b8ae-923c-4e91-a4c9-def0077bcb76,-0.3